time,moisture0,moisture1,moisture2,moisture3,moisture4
0,0.33,0.4,0.36,0.23,0.02
1,0.32,0.39,0.35,0.23,0.02
2,0.31,0.39,0.34,0.22,0.02
3,0.3,0.38,0.33,0.21,0.02
4,0.29,0.38,0.33,0.21,0.02
5,0.28,0.38,0.33,0.21,0.02
6,0.28,0.37,0.33,0.2,0.02
7,0.27,0.37,0.33,0.19,0.02
8,0.3,0.38,0.35,0.2,0.03
9,0.26,0.36,0.34,0.17,0.02
10,0.26,0.36,0.34,0.17,0.02
11,0.25,0.36,0.34,0.17,0.02
12,0.25,0.36,0.34,0.17,0.02
13,0.25,0.36,0.34,0.17,0.02
14,0.24,0.36,0.34,0.16,0.02
15,0.24,0.36,0.33,0.16,0.02
16,0.24,0.36,0.29,0.16,0.02
17,0.23,0.36,0.3,0.15,0.02
18,0.23,0.36,0.29,0.18,0.03
19,0.23,0.36,0.29,0.15,0.02
20,0.23,0.36,0.29,0.15,0.02
21,0.23,0.36,0.29,0.15,0.02
22,0.23,0.36,0.29,0.15,0.02
23,0.23,0.36,0.29,0.15,0.02
24,0.23,0.36,0.29,0.15,0.02
25,0.23,0.36,0.28,0.15,0.02
26,0.22,0.36,0.28,0.15,0.02
27,0.22,0.36,0.28,0.15,0.02
28,0.22,0.36,0.28,0.15,0.02
29,0.22,0.36,0.28,0.15,0.02
30,0.22,0.36,0.28,0.15,0.02
31,0.22,0.36,0.28,0.15,0.02
32,0.22,0.36,0.28,0.15,0.02
33,0.22,0.36,0.28,0.15,0.02
34,0.22,0.36,0.27,0.16,0.02
35,0.22,0.36,0.27,0.16,0.02
36,0.22,0.36,0.27,0.16,0.02
37,0.22,0.36,0.27,0.16,0.02
38,0.22,0.33,0.27,0.15,0.02
39,0.24,0.37,0.28,0.16,0.03
40,0.23,0.34,0.27,0.11,0.02
41,0.23,0.36,0.26,0.13,0.02
42,0.23,0.35,0.27,0.14,0.02
43,0.23,0.35,0.27,0.14,0.02
44,0.23,0.35,0.26,0.13,0.02
45,0.23,0.35,0.26,0.13,0.02
46,0.23,0.34,0.26,0.13,0.02
47,0.23,0.34,0.26,0.13,0.02
48,0.23,0.34,0.26,0.13,0.02
49,0.23,0.37,0.25,0.15,0.03
50,0.23,0.34,0.23,0.13,0.02
51,0.23,0.34,0.25,0.12,0.02
52,0.23,0.3,0.24,0.12,0.02
53,0.22,0.31,0.25,0.12,0.02
54,0.23,0.29,0.25,0.12,0.02
55,0.23,0.29,0.25,0.12,0.02
56,0.23,0.29,0.25,0.13,0.02
57,0.23,0.29,0.25,0.12,0.02
58,0.24,0.29,0.27,0.12,0.02
59,0.23,0.29,0.27,0.12,0.03
60,0.23,0.26,0.27,0.13,0.02
61,0.23,0.26,0.26,0.11,0.02
62,0.23,0.26,0.27,0.12,0.02
63,0.23,0.27,0.27,0.12,0.02
64,0.23,0.27,0.27,0.12,0.02
65,0.23,0.26,0.26,0.12,0.02
66,0.23,0.26,0.26,0.12,0.02
67,0.23,0.26,0.26,0.12,0.02
68,0.23,0.26,0.26,0.12,0.02
69,0.23,0.26,0.26,0.12,0.02
70,0.23,0.27,0.28,0.12,0.02
71,0.23,0.27,0.28,0.12,0.02
72,0.23,0.27,0.27,0.12,0.02
73,0.23,0.27,0.27,0.12,0.02
74,0.23,0.27,0.27,0.12,0.02
75,0.23,0.27,0.27,0.12,0.02
76,0.23,0.26,0.27,0.12,0.02
77,0.23,0.27,0.27,0.12,0.02
78,0.23,0.27,0.27,0.12,0.02
79,0.23,0.27,0.26,0.12,0.02
80,0.25,0.29,0.28,0.13,0.03
81,0.23,0.28,0.26,0.11,0.02
82,0.23,0.28,0.26,0.11,0.02
83,0.23,0.28,0.26,0.12,0.02
84,0.23,0.28,0.27,0.12,0.02
85,0.23,0.28,0.27,0.11,0.02
86,0.23,0.28,0.27,0.12,0.02
87,0.23,0.28,0.26,0.11,0.02
88,0.23,0.28,0.27,0.11,0.02
89,0.23,0.28,0.28,0.11,0.02
90,0.23,0.28,0.29,0.14,0.03
91,0.23,0.28,0.27,0.11,0.02
92,0.23,0.29,0.28,0.11,0.02
93,0.23,0.29,0.27,0.11,0.02
94,0.23,0.29,0.27,0.11,0.02
95,0.23,0.29,0.28,0.11,0.02
96,0.23,0.29,0.28,0.11,0.02
97,0.23,0.29,0.28,0.11,0.02
98,0.23,0.29,0.28,0.11,0.02
99,0.23,0.29,0.27,0.11,0.02
100,0.23,0.3,0.29,0.11,0.03
101,0.23,0.3,0.28,0.11,0.02
102,0.22,0.3,0.28,0.11,0.02
103,0.22,0.3,0.28,0.11,0.02
104,0.23,0.31,0.29,0.11,0.02
105,0.23,0.31,0.27,0.11,0.02
106,0.22,0.31,0.29,0.11,0.02
107,0.22,0.32,0.29,0.11,0.02
108,0.22,0.33,0.29,0.11,0.02
109,0.22,0.33,0.29,0.11,0.02
110,0.22,0.33,0.28,0.11,0.02
111,0.25,0.32,0.29,0.13,0.03
112,0.22,0.3,0.29,0.11,0.02
113,0.22,0.32,0.29,0.11,0.02
114,0.22,0.32,0.29,0.11,0.02
115,0.22,0.32,0.28,0.11,0.02
116,0.22,0.31,0.3,0.11,0.02
117,0.22,0.3,0.3,0.11,0.02
118,0.22,0.32,0.3,0.11,0.02
119,0.22,0.31,0.3,0.11,0.02
120,0.22,0.31,0.29,0.11,0.02
121,0.22,0.3,0.3,0.11,0.03
122,0.22,0.3,0.31,0.1,0.02
123,0.22,0.3,0.29,0.11,0.02
124,0.22,0.3,0.29,0.1,0.02
125,0.21,0.3,0.31,0.11,0.02
126,0.21,0.3,0.3,0.1,0.02
127,0.21,0.3,0.3,0.11,0.02
128,0.21,0.3,0.31,0.1,0.02
129,0.21,0.3,0.3,0.11,0.02
130,0.21,0.3,0.31,0.11,0.02
131,0.21,0.3,0.3,0.11,0.02
132,0.24,0.32,0.31,0.12,0.03
133,0.21,0.3,0.3,0.11,0.02
134,0.21,0.3,0.3,0.11,0.02
135,0.21,0.32,0.3,0.11,0.02
136,0.21,0.32,0.3,0.11,0.02
137,0.21,0.32,0.3,0.1,0.02
138,0.21,0.33,0.3,0.1,0.02
139,0.21,0.33,0.3,0.11,0.02
140,0.21,0.33,0.3,0.11,0.02
141,0.21,0.33,0.3,0.11,0.02
142,0.21,0.33,0.31,0.14,0.03
143,0.21,0.32,0.31,0.1,0.02
144,0.21,0.32,0.3,0.1,0.02
145,0.21,0.33,0.3,0.1,0.02
146,0.21,0.32,0.32,0.1,0.02
147,0.21,0.33,0.31,0.1,0.02
148,0.21,0.33,0.3,0.1,0.02
149,0.21,0.32,0.3,0.1,0.02
150,0.21,0.32,0.3,0.1,0.02
151,0.21,0.31,0.3,0.1,0.02
152,0.21,0.31,0.3,0.1,0.02
153,0.23,0.32,0.31,0.12,0.03
154,0.21,0.32,0.3,0.1,0.02
155,0.21,0.32,0.31,0.1,0.02
156,0.21,0.32,0.31,0.1,0.02
157,0.21,0.32,0.31,0.1,0.02
158,0.21,0.31,0.31,0.1,0.02
159,0.21,0.31,0.31,0.1,0.02
160,0.21,0.31,0.31,0.1,0.02
161,0.21,0.31,0.31,0.1,0.02
162,0.21,0.31,0.31,0.1,0.02
163,0.21,0.31,0.33,0.13,0.03
164,0.21,0.31,0.3,0.1,0.02
165,0.21,0.31,0.31,0.1,0.02
166,0.2,0.31,0.31,0.1,0.02
167,0.2,0.31,0.31,0.1,0.02
168,0.21,0.31,0.31,0.1,0.02
169,0.21,0.32,0.31,0.1,0.02
170,0.2,0.33,0.31,0.1,0.02
171,0.2,0.36,0.31,0.1,0.02
172,0.21,0.38,0.31,0.1,0.02
173,0.2,0.39,0.31,0.1,0.02
174,0.23,0.39,0.32,0.11,0.03
175,0.2,0.38,0.31,0.1,0.02
176,0.21,0.38,0.31,0.1,0.02
177,0.2,0.36,0.31,0.1,0.02
178,0.21,0.33,0.31,0.1,0.02
179,0.2,0.38,0.31,0.1,0.02
180,0.21,0.38,0.31,0.1,0.02
181,0.2,0.34,0.31,0.1,0.02
182,0.21,0.37,0.31,0.1,0.02
183,0.2,0.37,0.31,0.1,0.02
184,0.21,0.38,0.31,0.13,0.03
185,0.2,0.38,0.31,0.1,0.02
186,0.2,0.33,0.31,0.1,0.02
187,0.2,0.34,0.31,0.1,0.02
188,0.21,0.37,0.31,0.1,0.02
189,0.21,0.38,0.31,0.1,0.02
190,0.21,0.39,0.31,0.1,0.02
191,0.21,0.36,0.31,0.11,0.02
192,0.21,0.37,0.31,0.12,0.02
193,0.21,0.37,0.32,0.12,0.02
194,0.2,0.37,0.31,0.11,0.02
195,0.23,0.37,0.32,0.12,0.03
196,0.21,0.34,0.31,0.11,0.02
197,0.21,0.4,0.31,0.11,0.02
198,0.21,0.37,0.32,0.11,0.02
199,0.21,0.38,0.31,0.1,0.02
200,0.21,0.37,0.32,0.11,0.02
201,0.21,0.37,0.32,0.11,0.02
202,0.2,0.39,0.32,0.11,0.02
203,0.21,0.37,0.32,0.11,0.02
204,0.2,0.38,0.31,0.11,0.02
205,0.2,0.41,0.34,0.13,0.03
206,0.2,0.39,0.31,0.11,0.02
207,0.2,0.39,0.31,0.11,0.02
208,0.21,0.38,0.32,0.11,0.02
209,0.2,0.38,0.31,0.11,0.02
210,0.21,0.38,0.31,0.11,0.02
211,0.21,0.39,0.31,0.11,0.02
212,0.21,0.39,0.32,0.11,0.02
213,0.21,0.4,0.32,0.11,0.02
214,0.21,0.39,0.31,0.11,0.02
215,0.21,0.38,0.31,0.11,0.02
216,0.21,0.39,0.31,0.11,0.02
217,0.21,0.39,0.31,0.11,0.02
218,0.21,0.39,0.32,0.11,0.02
219,0.21,0.34,0.32,0.11,0.02
220,0.21,0.34,0.32,0.11,0.02
221,0.21,0.34,0.32,0.11,0.02
222,0.21,0.35,0.31,0.11,0.02
223,0.21,0.37,0.31,0.11,0.02
224,0.21,0.39,0.31,0.11,0.02
225,0.2,0.4,0.31,0.11,0.03
226,0.21,0.38,0.34,0.13,0.04
227,0.2,0.4,0.32,0.11,0.02
228,0.21,0.39,0.31,0.11,0.02
229,0.21,0.36,0.31,0.11,0.02
230,0.2,0.39,0.31,0.11,0.02
231,0.2,0.36,0.32,0.11,0.02
232,0.2,0.39,0.31,0.11,0.02
233,0.2,0.39,0.32,0.11,0.02
234,0.2,0.39,0.32,0.12,0.02
235,0.2,0.36,0.32,0.13,0.02
236,0.2,0.38,0.32,0.12,0.02
237,0.22,0.37,0.33,0.13,0.03
238,0.2,0.4,0.32,0.11,0.02
239,0.2,0.36,0.32,0.11,0.02
240,0.2,0.4,0.32,0.11,0.02
241,0.2,0.39,0.32,0.11,0.02
242,0.2,0.39,0.32,0.11,0.02
243,0.2,0.39,0.32,0.11,0.02
244,0.2,0.39,0.32,0.11,0.02
245,0.2,0.39,0.32,0.11,0.02
246,0.2,0.39,0.32,0.11,0.02
247,0.2,0.39,0.35,0.14,0.04
248,0.2,0.41,0.32,0.11,0.02
249,0.2,0.4,0.32,0.11,0.02
250,0.2,0.4,0.32,0.11,0.02
251,0.2,0.38,0.32,0.11,0.02
252,0.2,0.37,0.32,0.11,0.02
253,0.2,0.39,0.32,0.11,0.02
254,0.2,0.39,0.32,0.11,0.02
255,0.2,0.37,0.32,0.11,0.02
256,0.2,0.38,0.32,0.11,0.02
257,0.2,0.37,0.32,0.11,0.02
258,0.2,0.37,0.32,0.11,0.02
259,0.2,0.4,0.32,0.11,0.02
260,0.2,0.4,0.32,0.11,0.02
261,0.2,0.39,0.32,0.11,0.02
262,0.2,0.41,0.32,0.11,0.02
263,0.2,0.38,0.32,0.11,0.02
264,0.2,0.38,0.32,0.11,0.02
265,0.2,0.38,0.32,0.11,0.02
266,0.2,0.39,0.32,0.11,0.02
267,0.2,0.37,0.32,0.11,0.02
268,0.2,0.44,0.34,0.14,0.04
269,0.2,0.39,0.32,0.12,0.02
270,0.2,0.39,0.32,0.12,0.02
271,0.2,0.39,0.32,0.12,0.02
272,0.2,0.39,0.32,0.11,0.02
273,0.2,0.37,0.33,0.11,0.03
274,0.2,0.39,0.32,0.11,0.02
275,0.21,0.38,0.32,0.12,0.02
276,0.21,0.37,0.32,0.12,0.02
277,0.21,0.38,0.32,0.12,0.02
278,0.21,0.39,0.32,0.12,0.02
279,0.21,0.38,0.32,0.12,0.02
280,0.21,0.37,0.32,0.12,0.02
281,0.21,0.37,0.32,0.12,0.02
282,0.21,0.38,0.32,0.11,0.02
283,0.21,0.39,0.32,0.11,0.02
284,0.21,0.36,0.32,0.11,0.02
285,0.21,0.39,0.32,0.12,0.02
286,0.21,0.39,0.32,0.12,0.02
287,0.21,0.38,0.32,0.12,0.02
288,0.21,0.37,0.32,0.12,0.02
289,0.21,0.39,0.35,0.15,0.03
290,0.21,0.39,0.32,0.13,0.02
291,0.21,0.39,0.32,0.13,0.02
292,0.21,0.38,0.32,0.12,0.02
293,0.21,0.37,0.32,0.12,0.02
294,0.21,0.38,0.32,0.12,0.02
295,0.21,0.38,0.32,0.12,0.02
296,0.21,0.39,0.32,0.12,0.02
297,0.21,0.38,0.32,0.13,0.02
298,0.21,0.39,0.32,0.13,0.02
299,0.21,0.39,0.32,0.13,0.02
300,0.21,0.4,0.32,0.13,0.02
301,0.21,0.38,0.32,0.13,0.02
302,0.21,0.39,0.32,0.12,0.02
303,0.2,0.38,0.32,0.13,0.02
304,0.21,0.35,0.32,0.12,0.02
305,0.21,0.35,0.32,0.13,0.02
306,0.21,0.36,0.32,0.12,0.02
307,0.2,0.38,0.32,0.13,0.02
308,0.2,0.4,0.32,0.13,0.02
309,0.2,0.38,0.32,0.13,0.02
310,0.2,0.41,0.34,0.15,0.03
311,0.21,0.4,0.32,0.12,0.02
312,0.2,0.39,0.32,0.12,0.02
313,0.21,0.38,0.32,0.13,0.02
314,0.2,0.39,0.32,0.12,0.02
315,0.2,0.38,0.32,0.12,0.02
316,0.2,0.38,0.32,0.12,0.02
317,0.21,0.38,0.32,0.12,0.02
318,0.2,0.38,0.32,0.12,0.02
319,0.2,0.39,0.32,0.12,0.02
320,0.2,0.4,0.32,0.12,0.02
321,0.21,0.39,0.32,0.12,0.02
322,0.21,0.38,0.32,0.12,0.02
323,0.21,0.39,0.32,0.13,0.02
324,0.21,0.39,0.32,0.13,0.03
325,0.21,0.38,0.33,0.13,0.03
326,0.21,0.38,0.33,0.13,0.03
327,0.21,0.37,0.33,0.13,0.03
328,0.21,0.38,0.33,0.13,0.03
329,0.21,0.36,0.33,0.13,0.03
330,0.21,0.36,0.33,0.13,0.03
331,0.27,0.39,0.35,0.15,0.05
332,0.21,0.37,0.33,0.12,0.03
333,0.21,0.39,0.33,0.13,0.03
334,0.21,0.39,0.33,0.13,0.03
335,0.21,0.4,0.32,0.13,0.03
336,0.21,0.36,0.33,0.13,0.03
337,0.21,0.36,0.32,0.13,0.03
338,0.21,0.37,0.32,0.13,0.03
339,0.21,0.4,0.32,0.13,0.03
340,0.21,0.4,0.32,0.13,0.03
341,0.21,0.37,0.32,0.13,0.03
342,0.21,0.37,0.32,0.13,0.03
343,0.21,0.39,0.32,0.13,0.03
344,0.21,0.36,0.33,0.14,0.04
345,0.21,0.37,0.32,0.13,0.03
346,0.21,0.37,0.32,0.13,0.03
347,0.21,0.38,0.32,0.13,0.03
348,0.21,0.38,0.32,0.13,0.03
349,0.21,0.37,0.32,0.13,0.04
350,0.21,0.38,0.32,0.13,0.04
351,0.21,0.38,0.32,0.13,0.03
352,0.21,0.4,0.35,0.16,0.05
353,0.21,0.4,0.32,0.13,0.03
354,0.21,0.38,0.32,0.13,0.03
355,0.21,0.37,0.32,0.13,0.03
356,0.21,0.37,0.33,0.13,0.03
357,0.22,0.65,0.33,0.13,0.04
358,0.22,0.82,0.33,0.13,0.04
359,0.22,0.85,0.33,0.13,0.04
360,0.22,0.86,0.33,0.13,0.04
361,0.22,0.88,0.33,0.13,0.04
362,0.22,0.87,0.33,0.13,0.04
363,0.22,0.87,0.33,0.13,0.04
364,0.22,0.88,0.33,0.13,0.04
365,0.22,0.89,0.34,0.13,0.04
366,0.22,0.91,0.34,0.13,0.04
367,0.22,0.9,0.34,0.13,0.04
368,0.22,0.91,0.34,0.13,0.04
369,0.22,0.93,0.34,0.13,0.04
370,0.22,0.92,0.34,0.13,0.04
371,0.22,0.93,0.34,0.13,0.04
372,0.22,0.92,0.33,0.13,0.04
373,0.27,0.92,0.35,0.15,0.05
374,0.21,0.92,0.34,0.13,0.04
375,0.21,0.93,0.34,0.13,0.04
376,0.21,0.93,0.34,0.13,0.04
377,0.21,0.93,0.34,0.13,0.03
378,0.21,0.95,0.33,0.13,0.03
379,0.21,0.95,0.33,0.13,0.04
380,0.21,0.95,0.33,0.13,0.04
381,0.21,0.94,0.33,0.13,0.04
382,0.21,0.94,0.33,0.13,0.03
383,0.21,0.94,0.33,0.13,0.03
384,0.21,0.94,0.33,0.13,0.04
385,0.21,0.95,0.33,0.13,0.04
386,0.21,0.95,0.33,0.13,0.03
387,0.21,0.95,0.33,0.13,0.04
388,0.21,0.95,0.33,0.13,0.04
389,0.21,0.95,0.33,0.13,0.03
390,0.21,0.95,0.33,0.13,0.03
391,0.21,0.95,0.34,0.13,0.04
392,0.21,0.95,0.34,0.12,0.03
393,0.21,0.95,0.34,0.12,0.03
394,0.25,0.95,0.35,0.14,0.05
395,0.21,0.95,0.34,0.13,0.03
396,0.21,0.95,0.34,0.13,0.04
397,0.21,0.95,0.34,0.13,0.04
398,0.21,0.95,0.35,0.13,0.04
399,0.21,0.95,0.35,0.13,0.04
400,0.21,0.95,0.35,0.13,0.04
401,0.21,0.95,0.35,0.13,0.04
402,0.21,0.95,0.35,0.13,0.04
403,0.21,0.95,0.35,0.13,0.04
404,0.21,0.95,0.35,0.13,0.05
405,0.21,0.95,0.35,0.13,0.04
406,0.21,0.95,0.35,0.13,0.04
407,0.21,0.95,0.35,0.13,0.04
408,0.21,0.95,0.35,0.13,0.04
409,0.21,0.95,0.35,0.13,0.04
410,0.21,0.95,0.35,0.13,0.04
411,0.21,0.95,0.34,0.13,0.04
412,0.21,0.95,0.34,0.13,0.04
413,0.21,0.95,0.34,0.13,0.04
414,0.21,0.95,0.34,0.13,0.04
415,0.27,0.94,0.36,0.16,0.06
416,0.21,0.95,0.34,0.13,0.04
417,0.22,0.95,0.34,0.13,0.04
418,0.21,0.94,0.34,0.13,0.04
419,0.21,0.94,0.34,0.13,0.04
420,0.22,0.94,0.34,0.13,0.04
421,0.21,0.94,0.34,0.13,0.04
422,0.21,0.94,0.34,0.14,0.04
423,0.21,0.95,0.34,0.14,0.04
424,0.21,0.94,0.35,0.13,0.04
425,0.21,0.94,0.35,0.13,0.04
426,0.21,0.94,0.35,0.13,0.04
427,0.21,0.94,0.35,0.13,0.04
428,0.21,0.94,0.35,0.13,0.04
429,0.21,0.94,0.35,0.13,0.04
430,0.21,0.94,0.35,0.13,0.04
431,0.21,0.94,0.35,0.13,0.04
432,0.21,0.94,0.34,0.13,0.04
433,0.21,0.94,0.35,0.14,0.04
434,0.21,0.95,0.34,0.14,0.04
435,0.21,0.95,0.34,0.14,0.04
436,0.26,0.93,0.36,0.16,0.06
437,0.21,0.95,0.34,0.14,0.04
438,0.22,0.95,0.34,0.13,0.04
439,0.21,0.95,0.34,0.13,0.04
440,0.21,0.95,0.34,0.13,0.04
441,0.21,0.95,0.35,0.13,0.04
442,0.21,0.95,0.35,0.13,0.04
443,0.21,0.95,0.35,0.13,0.04
444,0.21,0.95,0.35,0.13,0.04
445,0.21,0.95,0.35,0.13,0.04
446,0.21,0.95,0.34,0.14,0.06
447,0.21,0.95,0.34,0.14,0.04
448,0.21,0.95,0.34,0.14,0.04
449,0.21,0.95,0.34,0.14,0.04
450,0.21,0.95,0.34,0.13,0.04
451,0.21,0.95,0.34,0.13,0.04
452,0.21,0.95,0.34,0.13,0.04
453,0.21,0.95,0.34,0.13,0.04
454,0.21,0.95,0.35,0.14,0.04
455,0.21,0.95,0.35,0.14,0.04
456,0.21,0.95,0.35,0.13,0.04
457,0.24,0.94,0.36,0.16,0.06
458,0.21,0.95,0.35,0.14,0.04
459,0.21,0.95,0.35,0.14,0.04
460,0.21,0.95,0.35,0.14,0.04
461,0.21,0.95,0.35,0.14,0.04
462,0.21,0.95,0.35,0.14,0.04
463,0.21,0.95,0.36,0.14,0.04
464,0.21,0.95,0.36,0.14,0.04
465,0.21,0.95,0.36,0.14,0.04
466,0.21,0.95,0.36,0.13,0.04
467,0.21,0.95,0.36,0.13,0.06
468,0.22,0.94,0.36,0.13,0.04
469,0.22,0.95,0.36,0.13,0.04
470,0.22,0.95,0.36,0.13,0.04
471,0.22,0.96,0.37,0.13,0.04
472,0.22,0.96,0.37,0.14,0.04
473,0.22,0.96,0.37,0.14,0.04
474,0.22,0.95,0.37,0.14,0.04
475,0.22,0.96,0.37,0.14,0.04
476,0.22,0.96,0.37,0.14,0.04
477,0.22,0.96,0.37,0.13,0.04
478,0.26,0.95,0.39,0.16,0.06
479,0.22,0.96,0.37,0.13,0.04
480,0.22,0.96,0.37,0.13,0.04
481,0.22,0.96,0.37,0.14,0.04
482,0.22,0.96,0.37,0.14,0.04
483,0.22,0.96,0.37,0.14,0.04
484,0.22,0.96,0.37,0.14,0.04
485,0.22,0.96,0.37,0.14,0.04
486,0.22,0.96,0.37,0.13,0.04
487,0.22,0.96,0.38,0.13,0.04
488,0.22,0.96,0.38,0.13,0.05
489,0.21,0.96,0.38,0.14,0.04
490,0.21,0.96,0.38,0.14,0.04
491,0.21,0.96,0.38,0.14,0.04
492,0.21,0.96,0.38,0.13,0.04
493,0.21,0.96,0.38,0.13,0.04
494,0.21,0.96,0.38,0.13,0.04
495,0.21,0.96,0.38,0.14,0.04
496,0.21,0.96,0.39,0.14,0.04
497,0.21,0.96,0.39,0.14,0.04
498,0.21,0.96,0.39,0.14,0.04
499,0.25,0.96,0.41,0.16,0.06
500,0.21,0.96,0.39,0.14,0.04
501,0.21,0.96,0.39,0.14,0.04
502,0.21,0.96,0.4,0.14,0.04
503,0.22,0.96,0.39,0.14,0.04
504,0.22,0.96,0.39,0.14,0.04
505,0.22,0.96,0.4,0.14,0.04
506,0.22,0.96,0.4,0.14,0.04
507,0.22,0.96,0.4,0.14,0.04
508,0.22,0.96,0.4,0.14,0.04
509,0.22,0.96,0.4,0.18,0.06
510,0.22,0.96,0.4,0.13,0.04
511,0.22,0.96,0.4,0.14,0.04
512,0.22,0.96,0.4,0.14,0.04
513,0.22,0.96,0.4,0.14,0.04
514,0.22,0.96,0.4,0.14,0.04
515,0.2,0.95,0.4,0.12,0.03
516,0.21,0.95,0.4,0.13,0.04
517,0.21,0.94,0.4,0.14,0.04
518,0.21,0.94,0.4,0.14,0.04
519,0.21,0.94,0.4,0.15,0.04
520,0.22,0.93,0.4,0.15,0.04
521,0.21,0.95,0.4,0.14,0.03
522,0.21,0.94,0.4,0.14,0.03
523,0.21,0.95,0.4,0.14,0.03
524,0.21,0.95,0.4,0.13,0.03
525,0.21,0.95,0.4,0.13,0.04
526,0.21,0.95,0.4,0.13,0.04
527,0.21,0.95,0.41,0.13,0.03
528,0.21,0.95,0.41,0.13,0.03
529,0.21,0.95,0.41,0.13,0.03
530,0.21,0.95,0.41,0.17,0.04
531,0.2,0.95,0.41,0.13,0.03
532,0.2,0.95,0.41,0.13,0.03
533,0.2,0.95,0.41,0.13,0.03
534,0.2,0.95,0.41,0.13,0.03
535,0.2,0.95,0.41,0.12,0.03
536,0.2,0.95,0.41,0.12,0.03
537,0.21,0.95,0.41,0.12,0.03
538,0.21,0.95,0.41,0.12,0.03
539,0.21,0.95,0.41,0.12,0.03
540,0.21,0.95,0.41,0.12,0.03
541,0.22,0.94,0.41,0.13,0.04
542,0.21,0.95,0.41,0.13,0.03
543,0.21,0.95,0.41,0.13,0.03
544,0.21,0.95,0.41,0.13,0.03
545,0.21,0.93,0.41,0.13,0.03
546,0.21,0.93,0.41,0.12,0.03
547,0.21,0.94,0.41,0.12,0.03
548,0.21,0.93,0.41,0.12,0.03
549,0.21,0.94,0.41,0.12,0.03
550,0.21,0.94,0.41,0.13,0.03
551,0.21,0.93,0.41,0.17,0.04
552,0.21,0.94,0.41,0.14,0.03
553,0.2,0.94,0.42,0.14,0.03
554,0.2,0.92,0.42,0.13,0.03
555,0.2,0.94,0.42,0.13,0.03
556,0.2,0.94,0.42,0.13,0.03
557,0.2,0.95,0.42,0.13,0.03
558,0.2,0.95,0.42,0.13,0.03
559,0.2,0.95,0.42,0.12,0.03
560,0.21,0.94,0.42,0.12,0.03
561,0.2,0.94,0.42,0.12,0.03
562,0.22,0.94,0.42,0.13,0.04
563,0.2,0.95,0.42,0.12,0.03
564,0.2,0.95,0.42,0.12,0.03
565,0.2,0.95,0.42,0.12,0.03
566,0.2,0.95,0.42,0.12,0.03
567,0.2,0.95,0.42,0.12,0.03
568,0.2,0.95,0.42,0.13,0.03
569,0.2,0.95,0.42,0.13,0.03
570,0.2,0.95,0.42,0.12,0.03
571,0.2,0.95,0.42,0.12,0.03
572,0.2,0.95,0.44,0.15,0.04
573,0.2,0.95,0.42,0.12,0.03
574,0.2,0.95,0.42,0.12,0.03
575,0.2,0.95,0.42,0.12,0.03
576,0.2,0.95,0.42,0.12,0.03
577,0.2,0.95,0.44,0.12,0.03
578,0.2,0.95,0.44,0.12,0.03
579,0.2,0.95,0.43,0.13,0.03
580,0.2,0.95,0.43,0.14,0.03
581,0.2,0.95,0.43,0.14,0.03
582,0.2,0.95,0.43,0.13,0.03
583,0.2,0.95,0.43,0.13,0.03
584,0.2,0.95,0.43,0.13,0.03
585,0.2,0.95,0.43,0.13,0.03
586,0.2,0.95,0.43,0.13,0.03
587,0.2,0.95,0.43,0.13,0.03
588,0.2,0.95,0.43,0.13,0.03
589,0.2,0.95,0.43,0.13,0.03
590,0.2,0.95,0.43,0.13,0.03
591,0.2,0.95,0.43,0.12,0.03
592,0.2,0.95,0.43,0.12,0.03
593,0.2,0.95,0.43,0.16,0.04
594,0.2,0.94,0.43,0.12,0.03
595,0.2,0.94,0.43,0.12,0.03
596,0.2,0.94,0.43,0.12,0.03
597,0.2,0.94,0.43,0.12,0.03
598,0.2,0.93,0.43,0.12,0.03
599,0.2,0.93,0.43,0.12,0.03
600,0.2,0.93,0.43,0.12,0.03
601,0.2,0.93,0.43,0.12,0.03
602,0.2,0.92,0.43,0.12,0.03
603,0.2,0.88,0.43,0.12,0.03
604,0.22,0.9,0.44,0.13,0.04
605,0.2,0.78,0.43,0.12,0.03
606,0.2,0.88,0.44,0.12,0.03
607,0.2,0.86,0.44,0.12,0.03
608,0.2,0.7,0.44,0.12,0.03
609,0.19,0.43,0.44,0.12,0.02
610,0.19,0.53,0.44,0.13,0.03
611,0.2,0.83,0.45,0.13,0.03
612,0.2,0.55,0.44,0.13,0.03
613,0.2,0.57,0.44,0.13,0.03
614,0.2,0.57,0.46,0.15,0.04
615,0.2,0.58,0.45,0.12,0.03
616,0.2,0.58,0.45,0.12,0.03
617,0.2,0.59,0.45,0.12,0.03
618,0.2,0.58,0.45,0.12,0.03
619,0.2,0.59,0.45,0.12,0.03
620,0.2,0.59,0.47,0.11,0.03
621,0.2,0.59,0.48,0.11,0.03
622,0.2,0.59,0.48,0.12,0.03
623,0.2,0.59,0.49,0.12,0.03
624,0.2,0.59,0.49,0.12,0.03
625,0.2,0.57,0.49,0.12,0.03
626,0.19,0.51,0.49,0.12,0.02
627,0.2,0.57,0.49,0.12,0.03
628,0.19,0.53,0.48,0.12,0.02
629,0.2,0.57,0.47,0.12,0.03
630,0.2,0.55,0.47,0.12,0.03
631,0.19,0.52,0.47,0.12,0.02
632,0.2,0.56,0.47,0.13,0.03
633,0.2,0.57,0.47,0.13,0.03
634,0.2,0.56,0.46,0.13,0.03
635,0.2,0.6,0.47,0.16,0.04
636,0.2,0.57,0.46,0.13,0.03
637,0.2,0.59,0.46,0.13,0.03
638,0.2,0.59,0.49,0.13,0.03
639,0.2,0.59,0.49,0.12,0.03
640,0.2,0.6,0.49,0.12,0.03
641,0.2,0.6,0.49,0.12,0.03
642,0.2,0.58,0.49,0.12,0.03
643,0.2,0.59,0.49,0.12,0.03
644,0.2,0.58,0.48,0.12,0.03
645,0.2,0.57,0.48,0.12,0.03
646,0.2,0.58,0.48,0.12,0.03
647,0.2,0.6,0.48,0.12,0.03
648,0.2,0.61,0.48,0.12,0.03
649,0.2,0.6,0.48,0.12,0.03
650,0.2,0.6,0.48,0.12,0.03
651,0.2,0.6,0.48,0.12,0.03
652,0.2,0.6,0.48,0.12,0.03
653,0.2,0.62,0.48,0.12,0.03
654,0.2,0.58,0.48,0.12,0.03
655,0.2,0.57,0.48,0.12,0.03
656,0.2,0.59,0.49,0.15,0.04
657,0.2,0.54,0.48,0.12,0.03
658,0.2,0.53,0.47,0.12,0.03
659,0.2,0.54,0.47,0.12,0.03
660,0.2,0.53,0.47,0.11,0.02
661,0.2,0.54,0.48,0.12,0.03
662,0.2,0.53,0.48,0.12,0.03
663,0.2,0.52,0.48,0.12,0.02
664,0.2,0.57,0.48,0.12,0.03
665,0.2,0.59,0.48,0.12,0.03
666,0.2,0.59,0.48,0.12,0.03
667,0.2,0.57,0.47,0.12,0.03
668,0.2,0.59,0.47,0.12,0.03
669,0.2,0.57,0.48,0.12,0.03
670,0.2,0.56,0.48,0.11,0.03
671,0.2,0.54,0.48,0.12,0.03
672,0.2,0.52,0.47,0.12,0.02
673,0.2,0.55,0.47,0.13,0.03
674,0.2,0.57,0.47,0.12,0.03
675,0.2,0.55,0.47,0.12,0.03
676,0.2,0.57,0.47,0.12,0.03
677,0.2,0.59,0.48,0.13,0.04
678,0.2,0.57,0.47,0.11,0.03
679,0.2,0.58,0.47,0.11,0.03
680,0.2,0.59,0.47,0.12,0.03
681,0.2,0.61,0.47,0.12,0.03
682,0.2,0.61,0.48,0.12,0.03
683,0.2,0.64,0.48,0.12,0.03
684,0.2,0.65,0.48,0.12,0.03
685,0.2,0.64,0.47,0.12,0.03
686,0.2,0.39,0.47,0.11,0.02
687,0.2,0.46,0.47,0.11,0.02
688,0.2,0.53,0.47,0.11,0.03
689,0.2,0.56,0.47,0.12,0.03
690,0.2,0.57,0.47,0.12,0.03
691,0.2,0.58,0.47,0.12,0.03
692,0.2,0.59,0.47,0.12,0.03
693,0.2,0.6,0.48,0.12,0.03
694,0.2,0.61,0.48,0.12,0.03
695,0.21,0.62,0.48,0.12,0.03
696,0.21,0.61,0.48,0.12,0.03
697,0.21,0.6,0.48,0.12,0.03
698,0.24,0.61,0.48,0.13,0.04
699,0.21,0.61,0.48,0.12,0.03
700,0.21,0.58,0.48,0.12,0.03
701,0.2,0.52,0.48,0.11,0.02
702,0.21,0.53,0.48,0.11,0.02
703,0.21,0.55,0.48,0.12,0.03
704,0.21,0.57,0.48,0.12,0.03
705,0.21,0.59,0.48,0.12,0.03
706,0.21,0.57,0.48,0.12,0.03
707,0.2,0.51,0.48,0.12,0.03
708,0.21,0.55,0.48,0.12,0.04
709,0.21,0.58,0.48,0.12,0.03
710,0.23,0.6,0.48,0.12,0.03
711,0.2,0.62,0.48,0.13,0.03
712,0.2,0.61,0.48,0.13,0.03
713,0.21,0.64,0.48,0.13,0.03
714,0.21,0.62,0.48,0.13,0.03
715,0.2,0.62,0.48,0.13,0.03
716,0.2,0.61,0.48,0.13,0.03
717,0.2,0.61,0.48,0.13,0.03
718,0.2,0.56,0.48,0.12,0.03
719,0.22,0.57,0.49,0.13,0.04
720,0.2,0.58,0.48,0.12,0.03
721,0.2,0.58,0.48,0.12,0.03
722,0.2,0.59,0.48,0.12,0.03
723,0.21,0.59,0.48,0.12,0.03
724,0.21,0.59,0.48,0.12,0.03
725,0.2,0.59,0.48,0.12,0.03
726,0.21,0.58,0.48,0.12,0.03
727,0.21,0.58,0.49,0.13,0.03
728,0.21,0.58,0.48,0.14,0.03
729,0.24,0.58,0.49,0.15,0.04
730,0.21,0.57,0.48,0.13,0.03
731,0.21,0.57,0.48,0.13,0.03
732,0.21,0.58,0.48,0.13,0.03
733,0.21,0.58,0.49,0.13,0.03
734,0.21,0.58,0.49,0.12,0.03
735,0.21,0.58,0.48,0.12,0.03
736,0.21,0.58,0.49,0.12,0.03
737,0.21,0.58,0.49,0.12,0.03
738,0.21,0.58,0.48,0.12,0.03
739,0.21,0.58,0.5,0.15,0.04
740,0.21,0.58,0.48,0.12,0.03
741,0.21,0.58,0.48,0.13,0.03
742,0.21,0.58,0.48,0.12,0.03
743,0.21,0.58,0.48,0.12,0.03
744,0.21,0.58,0.48,0.12,0.03
745,0.21,0.59,0.48,0.12,0.03
746,0.2,0.59,0.48,0.12,0.03
747,0.2,0.59,0.49,0.12,0.03
748,0.21,0.59,0.49,0.12,0.03
749,0.21,0.6,0.49,0.12,0.03
750,0.21,0.59,0.49,0.12,0.03
751,0.21,0.59,0.48,0.12,0.03
752,0.21,0.59,0.48,0.13,0.03
753,0.2,0.59,0.48,0.13,0.03
754,0.21,0.59,0.48,0.13,0.03
755,0.21,0.6,0.49,0.13,0.03
756,0.2,0.59,0.49,0.13,0.03
757,0.2,0.58,0.49,0.12,0.03
758,0.2,0.58,0.49,0.12,0.03
759,0.2,0.58,0.49,0.13,0.03
760,0.22,0.58,0.49,0.14,0.04
761,0.2,0.59,0.49,0.13,0.03
762,0.27,0.59,0.49,0.14,0.03
763,0.27,0.59,0.49,0.13,0.03
764,0.26,0.58,0.49,0.13,0.03
765,0.26,0.59,0.49,0.13,0.03
766,0.26,0.59,0.49,0.12,0.03
767,0.26,0.6,0.49,0.12,0.03
768,0.27,0.59,0.49,0.12,0.03
769,0.27,0.59,0.49,0.12,0.03
770,0.27,0.59,0.49,0.14,0.04
771,0.28,0.58,0.49,0.12,0.03
772,0.29,0.58,0.49,0.12,0.03
773,0.29,0.58,0.49,0.11,0.03
774,0.3,0.58,0.49,0.11,0.03
775,0.3,0.58,0.49,0.11,0.03
776,0.3,0.57,0.49,0.11,0.03
777,0.3,0.58,0.49,0.11,0.03
778,0.31,0.57,0.49,0.11,0.03
779,0.31,0.57,0.49,0.11,0.03
780,0.31,0.57,0.49,0.11,0.04
781,0.32,0.57,0.49,0.11,0.03
782,0.32,0.57,0.49,0.11,0.03
783,0.32,0.56,0.49,0.11,0.03
784,0.32,0.56,0.49,0.11,0.03
785,0.32,0.56,0.49,0.11,0.03
786,0.32,0.57,0.49,0.12,0.03
787,0.33,0.56,0.49,0.12,0.03
788,0.33,0.56,0.49,0.12,0.03
789,0.33,0.56,0.49,0.12,0.03
790,0.33,0.56,0.49,0.12,0.03
791,0.33,0.56,0.49,0.12,0.03
792,0.33,0.57,0.49,0.12,0.03
793,0.33,0.56,0.49,0.12,0.03
794,0.33,0.58,0.49,0.12,0.03
795,0.33,0.57,0.49,0.12,0.03
796,0.33,0.58,0.49,0.12,0.03
797,0.33,0.58,0.49,0.12,0.03
798,0.33,0.58,0.49,0.12,0.02
799,0.33,0.58,0.49,0.12,0.03
800,0.33,0.57,0.49,0.12,0.03
801,0.35,0.58,0.49,0.13,0.04
802,0.34,0.58,0.49,0.12,0.03
803,0.34,0.59,0.49,0.11,0.03
804,0.34,0.58,0.49,0.11,0.03
805,0.34,0.58,0.49,0.12,0.03
806,0.34,0.59,0.49,0.12,0.03
807,0.34,0.58,0.49,0.12,0.03
808,0.34,0.59,0.49,0.12,0.03
809,0.34,0.59,0.49,0.12,0.03
810,0.34,0.57,0.49,0.12,0.03
811,0.34,0.57,0.5,0.13,0.04
812,0.34,0.59,0.49,0.12,0.03
813,0.34,0.59,0.49,0.11,0.03
814,0.34,0.59,0.49,0.12,0.03
815,0.34,0.58,0.49,0.12,0.02
816,0.33,0.58,0.49,0.12,0.03
817,0.33,0.58,0.49,0.12,0.03
818,0.33,0.57,0.49,0.12,0.03
819,0.33,0.55,0.49,0.12,0.03
820,0.33,0.55,0.49,0.12,0.02
821,0.33,0.58,0.49,0.12,0.04
822,0.33,0.58,0.49,0.12,0.03
823,0.33,0.58,0.49,0.12,0.03
824,0.33,0.57,0.49,0.12,0.03
825,0.33,0.57,0.49,0.12,0.03
826,0.33,0.55,0.49,0.12,0.03
827,0.33,0.56,0.49,0.12,0.02
828,0.33,0.56,0.49,0.12,0.03
829,0.33,0.57,0.49,0.12,0.03
830,0.33,0.59,0.49,0.12,0.03
831,0.33,0.59,0.49,0.11,0.03
832,0.34,0.6,0.49,0.13,0.03
833,0.33,0.6,0.49,0.11,0.03
834,0.33,0.6,0.49,0.11,0.02
835,0.33,0.6,0.49,0.11,0.02
836,0.33,0.6,0.49,0.1,0.03
837,0.33,0.59,0.49,0.1,0.03
838,0.33,0.6,0.49,0.1,0.03
839,0.33,0.62,0.49,0.1,0.03
840,0.33,0.59,0.49,0.11,0.03
841,0.33,0.59,0.49,0.11,0.03
842,0.36,0.61,0.5,0.13,0.04
843,0.33,0.6,0.49,0.12,0.03
844,0.33,0.58,0.49,0.13,0.03
845,0.33,0.58,0.49,0.13,0.03
846,0.33,0.63,0.49,0.13,0.03
847,0.33,0.62,0.49,0.12,0.03
848,0.33,0.6,0.49,0.12,0.03
849,0.33,0.61,0.49,0.12,0.03
850,0.33,0.62,0.49,0.12,0.03
851,0.33,0.61,0.49,0.11,0.03
852,0.33,0.61,0.49,0.14,0.04
853,0.33,0.62,0.49,0.11,0.02
854,0.33,0.58,0.49,0.11,0.02
855,0.33,0.61,0.49,0.11,0.03
856,0.33,0.61,0.5,0.11,0.02
857,0.33,0.62,0.5,0.11,0.02
858,0.33,0.62,0.5,0.11,0.03
859,0.33,0.6,0.5,0.11,0.02
860,0.33,0.59,0.5,0.11,0.02
861,0.33,0.59,0.5,0.11,0.03
862,0.33,0.58,0.5,0.11,0.02
863,0.33,0.59,0.5,0.11,0.03
864,0.33,0.59,0.5,0.11,0.03
865,0.33,0.58,0.5,0.11,0.02
866,0.32,0.5,0.5,0.12,0.02
867,0.33,0.57,0.5,0.12,0.03
868,0.33,0.58,0.5,0.12,0.02
869,0.33,0.55,0.5,0.13,0.03
870,0.32,0.55,0.5,0.14,0.03
871,0.32,0.5,0.5,0.13,0.02
872,0.32,0.52,0.5,0.13,0.02
873,0.33,0.5,0.5,0.13,0.03
874,0.32,0.5,0.5,0.12,0.02
875,0.32,0.48,0.5,0.11,0.02
876,0.32,0.43,0.5,0.11,0.02
877,0.32,0.34,0.5,0.11,0.02
878,0.31,0.35,0.5,0.11,0.02
879,0.31,0.34,0.49,0.1,0.02
880,0.31,0.33,0.49,0.1,0.02
881,0.31,0.33,0.49,0.1,0.02
882,0.31,0.33,0.49,0.1,0.02
883,0.34,0.34,0.49,0.12,0.03
884,0.31,0.33,0.49,0.1,0.02
885,0.31,0.33,0.49,0.1,0.02
886,0.31,0.33,0.49,0.11,0.02
887,0.31,0.33,0.49,0.11,0.02
888,0.3,0.33,0.49,0.11,0.02
889,0.3,0.33,0.49,0.11,0.02
890,0.3,0.33,0.5,0.11,0.02
891,0.3,0.33,0.49,0.12,0.02
892,0.3,0.33,0.5,0.13,0.02
893,0.3,0.33,0.5,0.13,0.03
894,0.3,0.33,0.5,0.13,0.02
895,0.3,0.34,0.5,0.12,0.02
896,0.3,0.34,0.5,0.12,0.02
897,0.3,0.34,0.5,0.12,0.02
898,0.3,0.34,0.5,0.12,0.02
899,0.3,0.34,0.5,0.11,0.02
900,0.3,0.35,0.5,0.11,0.02
901,0.3,0.36,0.5,0.11,0.02
902,0.3,0.35,0.5,0.11,0.02
903,0.3,0.36,0.5,0.11,0.02
904,0.3,0.37,0.5,0.11,0.02
905,0.29,0.37,0.5,0.11,0.02
906,0.29,0.38,0.5,0.11,0.02
907,0.29,0.39,0.5,0.11,0.02
908,0.29,0.4,0.5,0.11,0.02
909,0.29,0.41,0.5,0.11,0.02
910,0.29,0.42,0.5,0.11,0.02
911,0.29,0.42,0.5,0.1,0.02
912,0.29,0.43,0.5,0.1,0.02
913,0.29,0.44,0.5,0.1,0.02
914,0.31,0.45,0.5,0.12,0.03
915,0.29,0.45,0.5,0.1,0.02
916,0.29,0.45,0.5,0.1,0.02
917,0.29,0.45,0.5,0.11,0.02
918,0.29,0.46,0.5,0.1,0.02
919,0.29,0.46,0.5,0.1,0.02
920,0.29,0.46,0.5,0.11,0.02
921,0.29,0.47,0.5,0.11,0.02
922,0.29,0.47,0.5,0.13,0.02
923,0.29,0.47,0.5,0.13,0.02
924,0.29,0.47,0.51,0.15,0.03
925,0.29,0.47,0.5,0.13,0.02
926,0.29,0.47,0.5,0.12,0.02
927,0.29,0.48,0.5,0.11,0.02
928,0.29,0.48,0.5,0.11,0.02
929,0.29,0.48,0.5,0.11,0.02
930,0.29,0.48,0.5,0.1,0.02
931,0.29,0.48,0.5,0.1,0.02
932,0.29,0.49,0.5,0.1,0.02
933,0.3,0.5,0.5,0.1,0.02
934,0.3,0.47,0.5,0.1,0.03
935,0.29,0.47,0.5,0.1,0.02
936,0.29,0.48,0.5,0.11,0.02
937,0.29,0.47,0.5,0.11,0.02
938,0.29,0.48,0.5,0.11,0.02
939,0.29,0.48,0.5,0.11,0.02
940,0.29,0.48,0.5,0.11,0.02
941,0.29,0.48,0.5,0.12,0.02
942,0.29,0.48,0.5,0.12,0.02
943,0.29,0.48,0.5,0.12,0.02
944,0.29,0.47,0.5,0.11,0.02
945,0.29,0.48,0.5,0.11,0.02
946,0.29,0.48,0.5,0.12,0.02
947,0.29,0.48,0.5,0.12,0.02
948,0.29,0.46,0.5,0.12,0.02
949,0.29,0.46,0.5,0.11,0.02
950,0.29,0.46,0.5,0.11,0.02
951,0.29,0.44,0.5,0.11,0.02
952,0.29,0.43,0.5,0.11,0.02
953,0.29,0.4,0.5,0.11,0.02
954,0.29,0.39,0.5,0.1,0.02
955,0.29,0.4,0.51,0.12,0.03
956,0.29,0.34,0.5,0.1,0.02
957,0.29,0.34,0.5,0.1,0.02
958,0.29,0.34,0.5,0.1,0.02
959,0.29,0.34,0.5,0.1,0.02
960,0.29,0.34,0.5,0.11,0.02
961,0.29,0.34,0.5,0.1,0.02
962,0.29,0.34,0.5,0.1,0.02
963,0.29,0.34,0.5,0.11,0.02
964,0.29,0.34,0.5,0.1,0.02
965,0.29,0.35,0.5,0.1,0.02
966,0.29,0.35,0.5,0.11,0.02
967,0.29,0.35,0.5,0.12,0.02
968,0.29,0.35,0.5,0.14,0.02
969,0.29,0.35,0.5,0.15,0.02
970,0.29,0.35,0.5,0.15,0.02
971,0.29,0.36,0.5,0.15,0.02
972,0.29,0.36,0.5,0.14,0.02
973,0.29,0.36,0.5,0.14,0.02
974,0.29,0.36,0.5,0.14,0.02
975,0.29,0.36,0.5,0.13,0.02
976,0.31,0.38,0.5,0.14,0.03
977,0.29,0.37,0.5,0.13,0.02
978,0.29,0.38,0.5,0.12,0.02
979,0.29,0.38,0.5,0.12,0.02
980,0.29,0.37,0.5,0.11,0.02
981,0.29,0.38,0.5,0.11,0.02
982,0.29,0.38,0.5,0.11,0.02
983,0.29,0.38,0.5,0.11,0.02
984,0.29,0.37,0.5,0.1,0.02
985,0.29,0.38,0.5,0.1,0.02
986,0.29,0.38,0.5,0.1,0.03
987,0.29,0.38,0.5,0.1,0.02
988,0.29,0.38,0.5,0.1,0.02
989,0.29,0.38,0.5,0.1,0.02
990,0.29,0.38,0.5,0.1,0.02
991,0.29,0.37,0.5,0.1,0.02
992,0.29,0.38,0.5,0.1,0.02
993,0.28,0.38,0.5,0.11,0.02
994,0.29,0.38,0.5,0.11,0.02
995,0.29,0.38,0.5,0.11,0.02
996,0.29,0.38,0.5,0.11,0.02
997,0.31,0.39,0.51,0.12,0.03
998,0.29,0.38,0.5,0.11,0.02
999,0.29,0.38,0.5,0.11,0.02
1000,0.29,0.38,0.5,0.11,0.02
1001,0.29,0.38,0.5,0.11,0.02
1002,0.29,0.38,0.5,0.11,0.02
1003,0.29,0.38,0.5,0.11,0.02
1004,0.29,0.39,0.5,0.11,0.02
1005,0.29,0.39,0.5,0.11,0.02
1006,0.29,0.38,0.5,0.12,0.02
1007,0.29,0.38,0.5,0.12,0.03
1008,0.29,0.38,0.5,0.12,0.02
1009,0.29,0.38,0.5,0.12,0.02
1010,0.29,0.38,0.5,0.12,0.02
1011,0.29,0.38,0.5,0.13,0.02
1012,0.29,0.4,0.5,0.13,0.02
1013,0.29,0.39,0.5,0.13,0.02
1014,0.29,0.39,0.5,0.13,0.02
1015,0.29,0.4,0.5,0.13,0.02
1016,0.29,0.41,0.5,0.12,0.02
1017,0.29,0.42,0.5,0.12,0.02
1018,0.31,0.43,0.51,0.13,0.03
1019,0.29,0.43,0.5,0.11,0.02
1020,0.29,0.43,0.5,0.11,0.02
1021,0.29,0.43,0.5,0.11,0.02
1022,0.29,0.43,0.5,0.1,0.02
1023,0.29,0.42,0.5,0.1,0.02
1024,0.29,0.42,0.5,0.1,0.02
1025,0.29,0.42,0.5,0.11,0.02
1026,0.29,0.42,0.5,0.11,0.02
1027,0.29,0.42,0.5,0.11,0.02
1028,0.29,0.42,0.5,0.11,0.03
1029,0.29,0.42,0.5,0.12,0.02
1030,0.29,0.41,0.5,0.12,0.02
1031,0.29,0.43,0.5,0.12,0.02
1032,0.29,0.41,0.5,0.13,0.02
1033,0.29,0.41,0.5,0.13,0.02
1034,0.29,0.41,0.5,0.13,0.02
1035,0.29,0.41,0.5,0.13,0.02
1036,0.29,0.4,0.5,0.14,0.02
1037,0.29,0.39,0.5,0.14,0.02
1038,0.29,0.42,0.5,0.13,0.02
1039,0.31,0.39,0.51,0.14,0.03
1040,0.29,0.42,0.5,0.13,0.02
1041,0.29,0.42,0.51,0.13,0.02
1042,0.29,0.42,0.51,0.12,0.02
1043,0.29,0.42,0.51,0.12,0.02
1044,0.29,0.41,0.51,0.12,0.02
1045,0.29,0.41,0.51,0.12,0.02
1046,0.29,0.41,0.51,0.11,0.02
1047,0.29,0.38,0.51,0.11,0.02
1048,0.29,0.39,0.51,0.11,0.02
1049,0.29,0.38,0.51,0.14,0.03
1050,0.29,0.4,0.51,0.11,0.02
1051,0.29,0.41,0.51,0.11,0.02
1052,0.29,0.41,0.51,0.11,0.02
1053,0.29,0.42,0.51,0.11,0.02
1054,0.29,0.4,0.51,0.1,0.02
1055,0.29,0.4,0.51,0.11,0.02
1056,0.29,0.39,0.51,0.11,0.02
1057,0.29,0.42,0.51,0.11,0.02
1058,0.29,0.4,0.51,0.11,0.02
1059,0.29,0.42,0.51,0.11,0.02
1060,0.3,0.42,0.51,0.12,0.03
1061,0.29,0.42,0.51,0.11,0.02
1062,0.29,0.39,0.51,0.11,0.02
1063,0.29,0.42,0.51,0.12,0.02
1064,0.29,0.39,0.51,0.12,0.02
1065,0.29,0.39,0.51,0.12,0.02
1066,0.29,0.41,0.51,0.12,0.02
1067,0.29,0.39,0.51,0.12,0.02
1068,0.29,0.39,0.51,0.12,0.02
1069,0.29,0.42,0.51,0.13,0.02
1070,0.29,0.39,0.51,0.12,0.03
1071,0.29,0.42,0.51,0.12,0.02
1072,0.29,0.39,0.51,0.13,0.02
1073,0.29,0.41,0.51,0.13,0.02
1074,0.29,0.39,0.51,0.13,0.02
1075,0.29,0.42,0.51,0.13,0.02
1076,0.29,0.4,0.52,0.13,0.02
1077,0.29,0.41,0.52,0.13,0.02
1078,0.29,0.39,0.52,0.12,0.02
1079,0.29,0.42,0.52,0.13,0.02
1080,0.29,0.39,0.52,0.13,0.02
1081,0.31,0.4,0.52,0.16,0.03
1082,0.29,0.41,0.52,0.14,0.02
1083,0.29,0.4,0.52,0.14,0.02
1084,0.29,0.39,0.52,0.14,0.02
1085,0.29,0.41,0.52,0.13,0.02
1086,0.29,0.42,0.52,0.13,0.02
1087,0.29,0.39,0.52,0.12,0.02
1088,0.29,0.4,0.52,0.12,0.02
1089,0.29,0.4,0.52,0.11,0.02
1090,0.29,0.42,0.52,0.11,0.02
1091,0.29,0.42,0.52,0.14,0.03
1092,0.29,0.4,0.52,0.1,0.02
1093,0.29,0.39,0.52,0.1,0.02
1094,0.29,0.42,0.52,0.11,0.02
1095,0.29,0.41,0.52,0.11,0.02
1096,0.29,0.41,0.52,0.11,0.02
1097,0.29,0.4,0.52,0.11,0.02
1098,0.29,0.4,0.52,0.11,0.02
1099,0.29,0.39,0.52,0.12,0.02
1100,0.29,0.4,0.52,0.12,0.02
1101,0.29,0.4,0.52,0.11,0.02
1102,0.3,0.43,0.53,0.12,0.03
1103,0.29,0.42,0.52,0.12,0.02
1104,0.29,0.4,0.52,0.12,0.02
1105,0.29,0.4,0.52,0.12,0.02
1106,0.29,0.41,0.52,0.13,0.02
1107,0.29,0.4,0.52,0.13,0.02
1108,0.29,0.4,0.52,0.13,0.02
1109,0.29,0.41,0.52,0.13,0.02
1110,0.29,0.4,0.52,0.13,0.02
1111,0.29,0.41,0.52,0.12,0.02
1112,0.29,0.42,0.53,0.15,0.03
1113,0.29,0.42,0.52,0.13,0.02
1114,0.29,0.41,0.52,0.14,0.02
1115,0.29,0.4,0.52,0.14,0.02
1116,0.29,0.42,0.52,0.13,0.02
1117,0.29,0.42,0.52,0.13,0.02
1118,0.29,0.42,0.52,0.13,0.02
1119,0.29,0.43,0.52,0.12,0.02
1120,0.29,0.41,0.52,0.12,0.02
1121,0.29,0.41,0.52,0.12,0.02
1122,0.29,0.41,0.52,0.12,0.02
1123,0.29,0.41,0.52,0.12,0.02
1124,0.29,0.42,0.52,0.12,0.02
1125,0.29,0.41,0.52,0.11,0.02
1126,0.29,0.42,0.52,0.11,0.02
1127,0.29,0.4,0.52,0.11,0.02
1128,0.29,0.4,0.52,0.12,0.02
1129,0.29,0.4,0.52,0.12,0.02
1130,0.29,0.41,0.52,0.11,0.02
1131,0.29,0.41,0.52,0.11,0.02
1132,0.29,0.41,0.52,0.12,0.02
1133,0.29,0.41,0.52,0.15,0.03
1134,0.29,0.41,0.52,0.12,0.02
1135,0.29,0.42,0.52,0.12,0.02
1136,0.29,0.41,0.52,0.13,0.02
1137,0.29,0.42,0.52,0.14,0.02
1138,0.29,0.43,0.52,0.14,0.02
1139,0.29,0.42,0.52,0.14,0.02
1140,0.29,0.43,0.52,0.14,0.02
1141,0.29,0.42,0.52,0.14,0.02
1142,0.29,0.43,0.52,0.13,0.02
1143,0.29,0.43,0.52,0.13,0.02
1144,0.3,0.42,0.53,0.14,0.03
1145,0.29,0.43,0.53,0.13,0.02
1146,0.29,0.43,0.53,0.12,0.02
1147,0.29,0.43,0.53,0.12,0.02
1148,0.29,0.43,0.53,0.12,0.02
1149,0.29,0.43,0.52,0.12,0.02
1150,0.29,0.43,0.52,0.12,0.02
1151,0.29,0.43,0.53,0.12,0.02
1152,0.29,0.43,0.53,0.12,0.02
1153,0.29,0.43,0.53,0.12,0.02
1154,0.29,0.42,0.54,0.13,0.03
1155,0.29,0.42,0.53,0.11,0.02
1156,0.29,0.42,0.53,0.11,0.02
1157,0.29,0.44,0.53,0.11,0.02
1158,0.29,0.44,0.53,0.12,0.02
1159,0.29,0.44,0.53,0.12,0.02
1160,0.29,0.44,0.53,0.13,0.02
1161,0.29,0.44,0.53,0.13,0.02
1162,0.29,0.44,0.53,0.14,0.02
1163,0.29,0.44,0.53,0.14,0.02
1164,0.29,0.45,0.53,0.14,0.02
1165,0.29,0.44,0.53,0.14,0.02
1166,0.29,0.44,0.53,0.14,0.02
1167,0.29,0.44,0.53,0.13,0.02
1168,0.29,0.44,0.53,0.13,0.02
1169,0.29,0.44,0.53,0.13,0.02
1170,0.29,0.42,0.53,0.13,0.02
1171,0.29,0.42,0.53,0.13,0.02
1172,0.29,0.41,0.53,0.13,0.02
1173,0.29,0.44,0.53,0.13,0.02
1174,0.29,0.44,0.53,0.13,0.02
1175,0.3,0.44,0.53,0.13,0.03
1176,0.29,0.44,0.53,0.12,0.02
1177,0.29,0.43,0.53,0.12,0.02
1178,0.29,0.44,0.53,0.12,0.02
1179,0.29,0.43,0.53,0.12,0.02
1180,0.29,0.43,0.53,0.12,0.02
1181,0.29,0.43,0.53,0.12,0.02
1182,0.29,0.43,0.53,0.12,0.02
1183,0.29,0.43,0.53,0.12,0.02
1184,0.29,0.43,0.53,0.12,0.02
1185,0.31,0.44,0.54,0.14,0.03
1186,0.29,0.41,0.53,0.13,0.02
1187,0.28,0.45,0.53,0.13,0.02
1188,0.28,0.41,0.53,0.13,0.02
1189,0.28,0.45,0.53,0.13,0.02
1190,0.28,0.44,0.53,0.13,0.02
1191,0.28,0.43,0.53,0.13,0.02
1192,0.28,0.44,0.53,0.13,0.02
1193,0.28,0.44,0.53,0.13,0.02
1194,0.29,0.42,0.53,0.13,0.02
1195,0.29,0.43,0.53,0.14,0.03
1196,0.29,0.44,0.53,0.14,0.02
1197,0.29,0.44,0.53,0.16,0.02
1198,0.29,0.42,0.53,0.15,0.02
1199,0.28,0.44,0.53,0.15,0.02
1200,0.28,0.41,0.53,0.15,0.02
1201,0.28,0.4,0.53,0.14,0.02
1202,0.28,0.4,0.53,0.14,0.02
1203,0.29,0.41,0.53,0.13,0.02
1204,0.28,0.41,0.53,0.13,0.02
1205,0.28,0.41,0.53,0.13,0.02
1206,0.28,0.41,0.53,0.12,0.02
1207,0.28,0.41,0.53,0.12,0.02
1208,0.28,0.41,0.53,0.12,0.02
1209,0.28,0.41,0.53,0.12,0.02
1210,0.28,0.41,0.53,0.12,0.02
1211,0.28,0.41,0.53,0.12,0.02
1212,0.28,0.42,0.53,0.12,0.02
1213,0.29,0.42,0.53,0.12,0.02
1214,0.29,0.42,0.53,0.12,0.02
1215,0.29,0.42,0.53,0.12,0.02
1216,0.3,0.43,0.53,0.13,0.03
1217,0.29,0.42,0.53,0.12,0.02
1218,0.29,0.44,0.53,0.12,0.02
1219,0.29,0.44,0.53,0.13,0.02
1220,0.29,0.44,0.53,0.13,0.02
1221,0.29,0.44,0.53,0.13,0.02
1222,0.29,0.44,0.53,0.14,0.02
1223,0.29,0.43,0.53,0.13,0.02
1224,0.29,0.43,0.53,0.13,0.02
1225,0.29,0.44,0.53,0.13,0.02
1226,0.29,0.45,0.53,0.14,0.03
1227,0.29,0.45,0.53,0.12,0.02
1228,0.29,0.43,0.53,0.12,0.02
1229,0.29,0.45,0.53,0.13,0.02
1230,0.29,0.44,0.53,0.12,0.02
1231,0.29,0.43,0.53,0.12,0.02
1232,0.29,0.45,0.53,0.11,0.02
1233,0.29,0.45,0.53,0.11,0.02
1234,0.29,0.44,0.53,0.11,0.02
1235,0.29,0.45,0.53,0.11,0.02
1236,0.29,0.45,0.53,0.12,0.03
1237,0.29,0.45,0.53,0.12,0.02
1238,0.29,0.45,0.53,0.12,0.02
1239,0.29,0.44,0.53,0.16,0.02
1240,0.28,0.46,0.53,0.17,0.02
1241,0.28,0.46,0.53,0.17,0.02
1242,0.28,0.45,0.53,0.16,0.02
1243,0.29,0.46,0.53,0.16,0.02
1244,0.29,0.45,0.53,0.16,0.02
1245,0.29,0.44,0.53,0.15,0.02
1246,0.29,0.45,0.53,0.14,0.02
1247,0.29,0.46,0.53,0.14,0.02
1248,0.29,0.46,0.53,0.13,0.02
1249,0.29,0.46,0.53,0.13,0.02
1250,0.29,0.46,0.53,0.13,0.02
1251,0.29,0.46,0.53,0.13,0.02
1252,0.29,0.46,0.53,0.13,0.02
1253,0.29,0.44,0.53,0.13,0.02
1254,0.28,0.45,0.53,0.13,0.02
1255,0.28,0.45,0.53,0.13,0.02
1256,0.28,0.46,0.53,0.13,0.02
1257,0.31,0.47,0.53,0.14,0.03
1258,0.28,0.46,0.53,0.12,0.02
1259,0.28,0.45,0.53,0.12,0.02
1260,0.28,0.45,0.53,0.12,0.02
1261,0.29,0.45,0.53,0.12,0.02
1262,0.29,0.46,0.53,0.12,0.02
1263,0.29,0.46,0.53,0.12,0.02
1264,0.29,0.45,0.53,0.12,0.02
1265,0.29,0.45,0.53,0.12,0.02
1266,0.29,0.46,0.53,0.13,0.02
1267,0.29,0.45,0.53,0.16,0.03
1268,0.29,0.45,0.53,0.13,0.02
1269,0.28,0.46,0.53,0.13,0.02
1270,0.28,0.46,0.53,0.13,0.02
1271,0.28,0.46,0.53,0.13,0.02
1272,0.28,0.44,0.53,0.13,0.02
1273,0.28,0.44,0.53,0.13,0.02
1274,0.28,0.45,0.53,0.13,0.02
1275,0.28,0.45,0.53,0.13,0.02
1276,0.28,0.48,0.53,0.13,0.02
1277,0.28,0.47,0.53,0.16,0.02
1278,0.28,0.45,0.53,0.16,0.02
1279,0.28,0.47,0.53,0.16,0.02
1280,0.28,0.46,0.53,0.15,0.02
1281,0.28,0.45,0.53,0.14,0.02
1282,0.28,0.46,0.53,0.14,0.02
1283,0.28,0.47,0.53,0.14,0.02
1284,0.28,0.46,0.53,0.13,0.02
1285,0.28,0.46,0.53,0.13,0.02
1286,0.28,0.47,0.53,0.13,0.02
1287,0.28,0.47,0.53,0.13,0.02
1288,0.3,0.46,0.53,0.13,0.03
1289,0.28,0.48,0.53,0.12,0.02
1290,0.28,0.46,0.53,0.12,0.02
1291,0.28,0.46,0.53,0.12,0.02
1292,0.28,0.47,0.53,0.12,0.02
1293,0.28,0.47,0.53,0.13,0.02
1294,0.28,0.46,0.53,0.13,0.02
1295,0.28,0.47,0.53,0.13,0.02
1296,0.28,0.46,0.53,0.13,0.02
1297,0.28,0.46,0.53,0.13,0.02
1298,0.31,0.47,0.53,0.14,0.03
1299,0.28,0.47,0.53,0.13,0.02
1300,0.28,0.47,0.53,0.13,0.02
1301,0.28,0.47,0.53,0.13,0.02
1302,0.28,0.47,0.53,0.13,0.02
1303,0.28,0.46,0.53,0.13,0.02
1304,0.28,0.47,0.53,0.13,0.02
1305,0.28,0.47,0.53,0.13,0.02
1306,0.28,0.46,0.53,0.13,0.02
1307,0.28,0.47,0.53,0.13,0.02
1308,0.28,0.47,0.53,0.13,0.03
1309,0.28,0.47,0.53,0.13,0.02
1310,0.28,0.46,0.53,0.12,0.02
1311,0.28,0.47,0.53,0.13,0.02
1312,0.28,0.47,0.53,0.12,0.02
1313,0.28,0.47,0.53,0.12,0.02
1314,0.28,0.47,0.53,0.13,0.02
1315,0.28,0.47,0.53,0.13,0.02
1316,0.28,0.46,0.53,0.14,0.02
1317,0.28,0.46,0.53,0.16,0.02
1318,0.28,0.46,0.53,0.16,0.02
1319,0.28,0.46,0.53,0.16,0.02
1320,0.29,0.46,0.53,0.16,0.02
1321,0.29,0.46,0.53,0.15,0.02
1322,0.29,0.46,0.53,0.15,0.02
1323,0.29,0.47,0.53,0.14,0.02
1324,0.29,0.47,0.53,0.14,0.02
1325,0.29,0.45,0.54,0.13,0.02
1326,0.29,0.45,0.54,0.13,0.02
1327,0.29,0.44,0.54,0.13,0.02
1328,0.29,0.45,0.54,0.12,0.02
1329,0.31,0.45,0.54,0.13,0.03
1330,0.29,0.45,0.54,0.12,0.02
1331,0.29,0.44,0.54,0.12,0.02
1332,0.29,0.43,0.54,0.12,0.02
1333,0.29,0.42,0.54,0.12,0.02
1334,0.29,0.41,0.54,0.12,0.02
1335,0.29,0.42,0.54,0.12,0.02
1336,0.29,0.42,0.54,0.12,0.02
1337,0.29,0.41,0.54,0.13,0.02
1338,0.29,0.41,0.54,0.14,0.02
1339,0.29,0.42,0.54,0.16,0.03
1340,0.29,0.41,0.54,0.14,0.02
1341,0.29,0.42,0.54,0.14,0.02
1342,0.29,0.42,0.54,0.14,0.02
1343,0.29,0.42,0.54,0.15,0.02
1344,0.29,0.42,0.54,0.16,0.02
1345,0.29,0.41,0.54,0.17,0.02
1346,0.29,0.42,0.54,0.17,0.02
1347,0.29,0.42,0.52,0.15,0.02
1348,0.28,0.4,0.52,0.15,0.03
1349,0.28,0.4,0.52,0.15,0.04
1350,0.29,0.41,0.53,0.14,0.03
1351,0.29,0.4,0.54,0.14,0.03
1352,0.29,0.41,0.54,0.13,0.03
1353,0.29,0.41,0.54,0.13,0.03
1354,0.29,0.38,0.54,0.13,0.03
1355,0.29,0.38,0.54,0.13,0.03
1356,0.29,0.37,0.54,0.12,0.03
1357,0.29,0.38,0.54,0.12,0.03
1358,0.29,0.34,0.54,0.12,0.03
1359,0.29,0.35,0.54,0.12,0.03
1360,0.29,0.34,0.54,0.12,0.02
1361,0.28,0.34,0.54,0.12,0.03
1362,0.28,0.34,0.54,0.12,0.03
1363,0.28,0.34,0.54,0.12,0.02
1364,0.28,0.32,0.54,0.12,0.02
1365,0.28,0.33,0.54,0.12,0.03
1366,0.28,0.32,0.54,0.13,0.02
1367,0.28,0.33,0.54,0.14,0.02
1368,0.28,0.33,0.54,0.14,0.02
1369,0.28,0.34,0.54,0.14,0.03
1370,0.32,0.34,0.54,0.16,0.03
1371,0.28,0.32,0.54,0.14,0.02
1372,0.28,0.32,0.54,0.14,0.02
1373,0.28,0.3,0.54,0.14,0.03
1374,0.28,0.3,0.54,0.13,0.02
1375,0.28,0.32,0.54,0.13,0.02
1376,0.28,0.31,0.54,0.13,0.02
1377,0.28,0.32,0.54,0.12,0.02
1378,0.28,0.3,0.54,0.12,0.02
1379,0.28,0.33,0.54,0.12,0.02
1380,0.28,0.31,0.54,0.16,0.03
1381,0.28,0.3,0.54,0.12,0.02
1382,0.28,0.31,0.54,0.12,0.02
1383,0.28,0.31,0.54,0.11,0.02
1384,0.28,0.35,0.54,0.11,0.02
1385,0.28,0.4,0.54,0.11,0.02
1386,0.28,0.43,0.54,0.11,0.02
1387,0.28,0.67,0.55,0.12,0.03
1388,0.28,0.55,0.54,0.12,0.03
1389,0.29,0.75,0.55,0.12,0.03
1390,0.29,0.75,0.55,0.12,0.03
1391,0.29,0.86,0.55,0.12,0.03
1392,0.29,0.82,0.55,0.13,0.03
1393,0.29,0.85,0.55,0.16,0.03
1394,0.29,0.85,0.55,0.17,0.03
1395,0.29,0.86,0.55,0.17,0.03
1396,0.29,0.87,0.55,0.16,0.03
1397,0.29,0.88,0.55,0.16,0.03
1398,0.29,0.88,0.55,0.15,0.03
1399,0.28,0.87,0.55,0.14,0.03
1400,0.28,0.89,0.55,0.13,0.03
1401,0.3,0.89,0.55,0.14,0.04
1402,0.28,0.89,0.55,0.13,0.03
1403,0.28,0.9,0.55,0.12,0.03
1404,0.28,0.9,0.55,0.12,0.03
1405,0.29,0.89,0.56,0.12,0.03
1406,0.28,0.89,0.56,0.12,0.03
1407,0.28,0.89,0.56,0.11,0.03
1408,0.28,0.9,0.56,0.11,0.03
1409,0.28,0.9,0.56,0.11,0.03
1410,0.28,0.9,0.56,0.11,0.03
1411,0.32,0.89,0.56,0.14,0.04
1412,0.28,0.9,0.56,0.12,0.03
1413,0.28,0.89,0.56,0.12,0.03
1414,0.28,0.88,0.56,0.12,0.03
1415,0.28,0.88,0.56,0.11,0.03
1416,0.28,0.88,0.55,0.11,0.03
1417,0.28,0.88,0.56,0.12,0.03
1418,0.28,0.86,0.55,0.12,0.03
1419,0.28,0.89,0.55,0.13,0.03
1420,0.28,0.89,0.55,0.14,0.03
1421,0.28,0.89,0.55,0.18,0.04
1422,0.28,0.89,0.55,0.14,0.03
1423,0.28,0.9,0.55,0.13,0.03
1424,0.28,0.9,0.55,0.13,0.03
1425,0.28,0.89,0.55,0.13,0.02
1426,0.28,0.89,0.54,0.13,0.03
1427,0.28,0.9,0.54,0.13,0.03
1428,0.28,0.9,0.54,0.16,0.03
1429,0.28,0.9,0.54,0.16,0.03
1430,0.28,0.9,0.54,0.15,0.03
1431,0.28,0.89,0.54,0.14,0.03
1432,0.3,0.89,0.53,0.14,0.04
1433,0.28,0.9,0.53,0.12,0.03
1434,0.28,0.89,0.53,0.12,0.03
1435,0.28,0.89,0.53,0.12,0.03
1436,0.28,0.89,0.53,0.12,0.03
1437,0.28,0.89,0.53,0.12,0.03
1438,0.28,0.89,0.53,0.12,0.03
1439,0.28,0.89,0.53,0.11,0.03
1440,0.28,0.89,0.53,0.11,0.03
1441,0.28,0.89,0.53,0.11,0.02
1442,0.31,0.88,0.53,0.14,0.03
1443,0.28,0.89,0.53,0.13,0.02
1444,0.28,0.9,0.53,0.13,0.02
1445,0.28,0.89,0.53,0.13,0.02
1446,0.28,0.88,0.52,0.13,0.02
1447,0.28,0.9,0.52,0.12,0.02
1448,0.28,0.89,0.52,0.12,0.02
1449,0.28,0.9,0.52,0.12,0.02
1450,0.28,0.89,0.52,0.11,0.02
1451,0.28,0.89,0.52,0.11,0.02
1452,0.28,0.89,0.53,0.14,0.03
1453,0.28,0.89,0.52,0.1,0.02
1454,0.28,0.88,0.52,0.11,0.02
1455,0.28,0.88,0.52,0.11,0.02
1456,0.28,0.88,0.52,0.11,0.02
1457,0.28,0.88,0.52,0.1,0.02
1458,0.28,0.88,0.52,0.11,0.02
1459,0.28,0.88,0.52,0.11,0.02
1460,0.28,0.88,0.52,0.12,0.02
1461,0.28,0.87,0.52,0.12,0.02
1462,0.28,0.87,0.52,0.12,0.03
1463,0.28,0.88,0.52,0.11,0.02
1464,0.28,0.88,0.52,0.11,0.02
1465,0.28,0.88,0.52,0.11,0.02
1466,0.28,0.88,0.51,0.11,0.02
1467,0.28,0.88,0.51,0.13,0.02
1468,0.28,0.87,0.51,0.14,0.02
1469,0.28,0.87,0.52,0.14,0.02
1470,0.28,0.88,0.51,0.14,0.02
1471,0.28,0.87,0.51,0.14,0.02
1472,0.28,0.87,0.51,0.13,0.02
1473,0.28,0.86,0.52,0.12,0.02
1474,0.28,0.86,0.51,0.13,0.02
1475,0.28,0.86,0.51,0.12,0.02
1476,0.28,0.87,0.51,0.12,0.02
1477,0.28,0.85,0.51,0.12,0.02
1478,0.28,0.86,0.52,0.11,0.02
1479,0.28,0.86,0.52,0.11,0.02
1480,0.28,0.86,0.52,0.11,0.02
1481,0.28,0.86,0.51,0.11,0.02
1482,0.28,0.86,0.51,0.11,0.02
1483,0.3,0.86,0.52,0.13,0.03
1484,0.28,0.86,0.51,0.12,0.02
1485,0.28,0.87,0.51,0.12,0.02
1486,0.28,0.87,0.51,0.13,0.02
1487,0.28,0.87,0.51,0.14,0.02
1488,0.28,0.87,0.51,0.13,0.02
1489,0.28,0.86,0.51,0.13,0.02
1490,0.28,0.87,0.52,0.13,0.02
1491,0.28,0.87,0.51,0.13,0.02
1492,0.28,0.87,0.51,0.13,0.02
1493,0.28,0.86,0.51,0.13,0.03
1494,0.28,0.87,0.52,0.12,0.02
1495,0.28,0.87,0.51,0.11,0.02
1496,0.28,0.87,0.52,0.11,0.02
1497,0.28,0.87,0.52,0.11,0.02
1498,0.28,0.87,0.51,0.11,0.02
1499,0.28,0.87,0.51,0.11,0.02
1500,0.28,0.86,0.51,0.12,0.02
1501,0.28,0.86,0.52,0.12,0.02
1502,0.28,0.85,0.51,0.13,0.02
1503,0.28,0.85,0.51,0.15,0.02
1504,0.28,0.85,0.51,0.15,0.02
1505,0.28,0.86,0.52,0.15,0.02
1506,0.28,0.85,0.52,0.15,0.02
1507,0.28,0.86,0.52,0.14,0.02
1508,0.28,0.83,0.51,0.14,0.02
1509,0.28,0.84,0.52,0.13,0.02
1510,0.28,0.85,0.51,0.13,0.02
1511,0.28,0.86,0.52,0.12,0.02
1512,0.28,0.85,0.52,0.12,0.02
1513,0.28,0.87,0.52,0.11,0.02
1514,0.29,0.86,0.52,0.12,0.03
1515,0.28,0.86,0.52,0.11,0.02
1516,0.28,0.86,0.52,0.11,0.02
1517,0.27,0.81,0.52,0.11,0.02
1518,0.28,0.8,0.52,0.12,0.02
1519,0.27,0.37,0.51,0.11,0.02
1520,0.28,0.79,0.52,0.11,0.02
1521,0.28,0.81,0.52,0.11,0.02
1522,0.27,0.5,0.51,0.11,0.02
1523,0.27,0.49,0.51,0.11,0.02
1524,0.27,0.42,0.51,0.13,0.03
1525,0.27,0.58,0.51,0.13,0.02
1526,0.27,0.55,0.51,0.14,0.02
1527,0.27,0.59,0.51,0.14,0.02
1528,0.27,0.51,0.51,0.14,0.02
1529,0.27,0.4,0.51,0.13,0.02
1530,0.28,0.79,0.51,0.13,0.02
1531,0.27,0.73,0.51,0.13,0.02
1532,0.27,0.4,0.5,0.12,0.02
1533,0.27,0.39,0.5,0.12,0.02
1534,0.27,0.36,0.5,0.15,0.03
1535,0.27,0.36,0.5,0.12,0.02
1536,0.27,0.36,0.5,0.12,0.02
1537,0.27,0.36,0.51,0.12,0.02
1538,0.27,0.36,0.51,0.12,0.02
1539,0.27,0.36,0.51,0.12,0.02
1540,0.27,0.36,0.51,0.12,0.02
1541,0.27,0.37,0.51,0.12,0.02
1542,0.27,0.37,0.51,0.12,0.02
1543,0.27,0.37,0.51,0.12,0.02
1544,0.27,0.38,0.51,0.11,0.02
1545,0.27,0.38,0.51,0.12,0.02
1546,0.27,0.39,0.51,0.12,0.02
1547,0.27,0.39,0.51,0.13,0.02
1548,0.27,0.4,0.51,0.13,0.02
1549,0.27,0.4,0.51,0.13,0.02
1550,0.27,0.41,0.51,0.13,0.02
1551,0.27,0.42,0.51,0.13,0.02
1552,0.27,0.43,0.51,0.13,0.02
1553,0.27,0.44,0.51,0.13,0.02
1554,0.27,0.44,0.51,0.12,0.02
1555,0.27,0.45,0.51,0.15,0.03
1556,0.27,0.46,0.51,0.12,0.02
1557,0.27,0.45,0.51,0.12,0.02
1558,0.27,0.46,0.51,0.11,0.02
1559,0.27,0.67,0.51,0.11,0.02
1560,0.27,0.69,0.51,0.11,0.02
1561,0.27,0.67,0.51,0.11,0.02
1562,0.27,0.43,0.5,0.11,0.02
1563,0.27,0.39,0.5,0.11,0.02
1564,0.27,0.4,0.51,0.11,0.02
1565,0.27,0.4,0.51,0.11,0.02
1566,0.28,0.41,0.5,0.13,0.03
1567,0.27,0.41,0.5,0.11,0.02
1568,0.27,0.42,0.5,0.11,0.02
1569,0.28,0.42,0.49,0.13,0.04
1570,0.3,0.44,0.5,0.18,0.06
1571,0.29,0.44,0.5,0.19,0.06
1572,0.29,0.44,0.5,0.19,0.05
1573,0.29,0.45,0.5,0.19,0.06
1574,0.29,0.45,0.5,0.19,0.05
1575,0.3,0.45,0.5,0.18,0.05
1576,0.29,0.45,0.52,0.2,0.04
1577,0.28,0.45,0.5,0.15,0.03
1578,0.28,0.45,0.5,0.14,0.03
1579,0.28,0.44,0.49,0.13,0.03
1580,0.28,0.45,0.5,0.13,0.03
1581,0.28,0.45,0.5,0.12,0.03
1582,0.28,0.45,0.5,0.12,0.03
1583,0.28,0.44,0.5,0.12,0.03
1584,0.28,0.46,0.5,0.11,0.03
1585,0.28,0.45,0.5,0.11,0.03
1586,0.28,0.45,0.5,0.11,0.03
1587,0.28,0.44,0.5,0.12,0.03
1588,0.28,0.45,0.5,0.12,0.03
1589,0.28,0.44,0.5,0.12,0.03
1590,0.28,0.45,0.5,0.12,0.03
1591,0.28,0.45,0.5,0.12,0.03
1592,0.28,0.45,0.5,0.12,0.03
1593,0.28,0.45,0.5,0.12,0.03
1594,0.28,0.45,0.5,0.14,0.03
1595,0.28,0.45,0.5,0.14,0.03
1596,0.28,0.45,0.5,0.14,0.03
1597,0.28,0.48,0.51,0.17,0.05
1598,0.28,0.45,0.5,0.14,0.03
1599,0.28,0.45,0.5,0.14,0.03
1600,0.28,0.45,0.5,0.14,0.03
1601,0.28,0.45,0.5,0.13,0.03
1602,0.28,0.44,0.5,0.13,0.03
1603,0.28,0.46,0.5,0.13,0.03
1604,0.28,0.47,0.5,0.12,0.03
1605,0.28,0.48,0.5,0.12,0.03
1606,0.28,0.47,0.5,0.13,0.03
1607,0.28,0.47,0.5,0.13,0.03
1608,0.28,0.47,0.5,0.13,0.03
1609,0.28,0.45,0.5,0.13,0.03
1610,0.28,0.46,0.5,0.13,0.03
1611,0.28,0.46,0.5,0.13,0.03
1612,0.28,0.45,0.49,0.13,0.03
1613,0.28,0.46,0.49,0.13,0.03
1614,0.28,0.47,0.49,0.13,0.03
1615,0.28,0.46,0.5,0.14,0.03
1616,0.28,0.46,0.5,0.14,0.03
1617,0.28,0.5,0.49,0.14,0.03
1618,0.28,0.47,0.51,0.18,0.05
1619,0.28,0.46,0.49,0.14,0.03
1620,0.28,0.46,0.49,0.13,0.03
1621,0.28,0.46,0.5,0.13,0.03
1622,0.28,0.46,0.49,0.13,0.03
1623,0.28,0.46,0.49,0.13,0.03
1624,0.28,0.45,0.5,0.13,0.03
1625,0.28,0.46,0.5,0.13,0.03
1626,0.28,0.46,0.5,0.12,0.03
1627,0.27,0.47,0.51,0.12,0.03
1628,0.27,0.45,0.5,0.12,0.03
1629,0.27,0.43,0.5,0.12,0.03
1630,0.27,0.43,0.5,0.12,0.03
1631,0.27,0.33,0.5,0.12,0.03
1632,0.27,0.33,0.51,0.12,0.03
1633,0.27,0.33,0.51,0.12,0.03
1634,0.27,0.33,0.51,0.12,0.03
1635,0.27,0.33,0.51,0.13,0.03
1636,0.27,0.33,0.51,0.13,0.03
1637,0.27,0.33,0.51,0.14,0.03
1638,0.27,0.33,0.51,0.14,0.03
1639,0.27,0.36,0.51,0.17,0.04
1640,0.27,0.32,0.5,0.14,0.03
1641,0.27,0.32,0.5,0.14,0.03
1642,0.27,0.32,0.5,0.14,0.03
1643,0.27,0.32,0.5,0.14,0.03
1644,0.27,0.32,0.5,0.14,0.03
1645,0.27,0.32,0.5,0.13,0.03
1646,0.27,0.31,0.5,0.14,0.03
1647,0.27,0.31,0.5,0.13,0.03
1648,0.27,0.31,0.5,0.13,0.03
1649,0.27,0.31,0.5,0.13,0.03
1650,0.27,0.2,0.5,0.15,0.03
1651,0.27,0.27,0.5,0.14,0.03
1652,0.27,0.27,0.5,0.14,0.03
1653,0.27,0.28,0.5,0.13,0.03
1654,0.27,0.28,0.5,0.12,0.03
1655,0.27,0.28,0.5,0.12,0.03
1656,0.27,0.27,0.5,0.11,0.03
1657,0.27,0.27,0.5,0.11,0.03
1658,0.27,0.27,0.5,0.11,0.03
1659,0.27,0.27,0.5,0.11,0.03
1660,0.31,0.29,0.53,0.14,0.04
1661,0.27,0.26,0.53,0.12,0.03
1662,0.27,0.25,0.53,0.14,0.03
1663,0.27,0.26,0.53,0.14,0.03
1664,0.27,0.25,0.53,0.14,0.03
1665,0.27,0.25,0.52,0.14,0.02
1666,0.27,0.25,0.52,0.13,0.03
1667,0.27,0.25,0.52,0.13,0.03
1668,0.27,0.26,0.52,0.13,0.03
1669,0.27,0.26,0.52,0.12,0.02
1670,0.27,0.26,0.51,0.12,0.03
1671,0.27,0.26,0.52,0.12,0.03
1672,0.27,0.26,0.52,0.12,0.03
1673,0.27,0.26,0.52,0.12,0.03
1674,0.27,0.26,0.52,0.11,0.03
1675,0.27,0.26,0.52,0.12,0.03
1676,0.27,0.26,0.52,0.12,0.03
1677,0.27,0.26,0.52,0.12,0.03
1678,0.27,0.26,0.52,0.12,0.02
1679,0.27,0.26,0.51,0.11,0.03
1680,0.27,0.26,0.52,0.12,0.03
1681,0.27,0.3,0.53,0.14,0.04
1682,0.27,0.26,0.52,0.11,0.03
1683,0.27,0.26,0.52,0.11,0.03
1684,0.27,0.25,0.51,0.11,0.03
1685,0.27,0.26,0.51,0.12,0.03
1686,0.27,0.25,0.51,0.13,0.03
1687,0.27,0.25,0.51,0.14,0.03
1688,0.27,0.26,0.51,0.15,0.03
1689,0.27,0.25,0.5,0.16,0.03
1690,0.27,0.25,0.5,0.15,0.03
1691,0.27,0.25,0.5,0.15,0.03
1692,0.27,0.25,0.51,0.14,0.03
1693,0.27,0.25,0.5,0.13,0.03
1694,0.27,0.25,0.5,0.13,0.02
1695,0.27,0.25,0.51,0.13,0.03
1696,0.27,0.25,0.5,0.12,0.03
1697,0.27,0.25,0.5,0.12,0.03
1698,0.27,0.25,0.5,0.11,0.03
1699,0.27,0.25,0.5,0.11,0.03
1700,0.27,0.25,0.5,0.11,0.03
1701,0.27,0.25,0.5,0.11,0.03
1702,0.31,0.28,0.5,0.13,0.04
1703,0.27,0.25,0.49,0.11,0.03
1704,0.27,0.26,0.49,0.11,0.03
1705,0.27,0.26,0.49,0.11,0.03
1706,0.27,0.26,0.49,0.11,0.03
1707,0.27,0.26,0.49,0.11,0.03
1708,0.27,0.26,0.49,0.11,0.03
1709,0.27,0.27,0.48,0.11,0.03
1710,0.27,0.26,0.49,0.11,0.03
1711,0.27,0.26,0.5,0.12,0.03
1712,0.27,0.26,0.49,0.13,0.04
1713,0.27,0.26,0.49,0.12,0.03
1714,0.27,0.26,0.49,0.13,0.03
1715,0.27,0.26,0.49,0.13,0.03
1716,0.27,0.26,0.49,0.13,0.03
1717,0.27,0.26,0.5,0.13,0.03
1718,0.27,0.26,0.5,0.13,0.03
1719,0.27,0.26,0.49,0.13,0.03
1720,0.27,0.27,0.49,0.13,0.03
1721,0.27,0.26,0.5,0.13,0.03
1722,0.27,0.26,0.49,0.12,0.03
1723,0.29,0.28,0.5,0.13,0.04
1724,0.27,0.26,0.49,0.11,0.02
1725,0.27,0.26,0.49,0.11,0.03
1726,0.27,0.26,0.5,0.11,0.03
1727,0.27,0.26,0.5,0.12,0.03
1728,0.27,0.26,0.5,0.12,0.03
1729,0.27,0.26,0.5,0.12,0.03
1730,0.27,0.26,0.5,0.14,0.03
1731,0.27,0.26,0.5,0.15,0.03
1732,0.27,0.26,0.49,0.16,0.03
1733,0.27,0.25,0.5,0.16,0.03
1734,0.27,0.26,0.5,0.16,0.03
1735,0.27,0.26,0.5,0.15,0.03
1736,0.27,0.26,0.5,0.15,0.03
1737,0.27,0.26,0.5,0.14,0.03
1738,0.27,0.26,0.5,0.14,0.03
1739,0.27,0.26,0.5,0.13,0.03
1740,0.27,0.26,0.5,0.13,0.02
1741,0.27,0.27,0.49,0.13,0.02
1742,0.26,0.26,0.5,0.12,0.03
1743,0.27,0.27,0.5,0.12,0.03
1744,0.3,0.29,0.5,0.15,0.04
1745,0.27,0.26,0.49,0.12,0.02
1746,0.27,0.27,0.49,0.12,0.03
1747,0.27,0.26,0.49,0.12,0.03
1748,0.27,0.26,0.49,0.12,0.02
1749,0.27,0.26,0.49,0.11,0.03
1750,0.27,0.26,0.48,0.11,0.02
1751,0.27,0.26,0.48,0.11,0.03
1752,0.27,0.26,0.48,0.11,0.03
1753,0.27,0.26,0.48,0.11,0.03
1754,0.27,0.26,0.48,0.11,0.04
1755,0.26,0.26,0.48,0.11,0.03
1756,0.27,0.26,0.48,0.12,0.03
1757,0.26,0.26,0.48,0.13,0.02
1758,0.27,0.26,0.48,0.13,0.03
1759,0.27,0.26,0.48,0.13,0.03
1760,0.27,0.26,0.47,0.13,0.02
1761,0.27,0.26,0.48,0.13,0.03
1762,0.27,0.26,0.48,0.13,0.03
1763,0.27,0.26,0.48,0.13,0.03
1764,0.26,0.27,0.48,0.13,0.02
1765,0.29,0.28,0.49,0.15,0.04
1766,0.27,0.26,0.48,0.13,0.02
1767,0.27,0.26,0.49,0.13,0.02
1768,0.26,0.26,0.49,0.12,0.03
1769,0.26,0.26,0.49,0.12,0.03
1770,0.26,0.26,0.49,0.11,0.03
1771,0.27,0.26,0.49,0.11,0.02
1772,0.26,0.26,0.49,0.11,0.02
1773,0.26,0.26,0.49,0.11,0.03
1774,0.26,0.26,0.48,0.11,0.02
1775,0.26,0.26,0.48,0.16,0.04
1776,0.26,0.26,0.48,0.11,0.03
1777,0.26,0.26,0.48,0.11,0.03
1778,0.27,0.27,0.48,0.13,0.04
1779,0.27,0.26,0.48,0.14,0.04
1780,0.27,0.26,0.48,0.14,0.04
1781,0.27,0.26,0.48,0.15,0.04
1782,0.27,0.27,0.48,0.17,0.04
1783,0.27,0.26,0.48,0.17,0.04
1784,0.27,0.26,0.48,0.17,0.04
1785,0.27,0.28,0.48,0.17,0.04
1786,0.29,0.3,0.49,0.17,0.04
1787,0.27,0.29,0.49,0.16,0.04
1788,0.27,0.3,0.49,0.15,0.04
1789,0.27,0.3,0.49,0.15,0.04
1790,0.27,0.29,0.48,0.14,0.04
1791,0.27,0.3,0.49,0.14,0.04
1792,0.27,0.3,0.49,0.14,0.04
1793,0.27,0.3,0.49,0.14,0.04
1794,0.27,0.31,0.49,0.13,0.04
1795,0.27,0.3,0.49,0.13,0.04
1796,0.27,0.29,0.49,0.13,0.06
1797,0.28,0.31,0.49,0.13,0.04
1798,0.28,0.31,0.48,0.13,0.04
1799,0.28,0.31,0.48,0.13,0.04
1800,0.28,0.3,0.48,0.13,0.04
1801,0.28,0.3,0.48,0.13,0.04
1802,0.28,0.3,0.48,0.13,0.04
1803,0.28,0.3,0.48,0.13,0.04
1804,0.28,0.3,0.48,0.13,0.04
1805,0.28,0.3,0.49,0.13,0.04
1806,0.28,0.3,0.49,0.13,0.04
1807,0.3,0.3,0.48,0.13,0.04
1808,0.28,0.28,0.49,0.12,0.04
1809,0.28,0.28,0.48,0.13,0.04
1810,0.28,0.29,0.47,0.13,0.04
1811,0.28,0.29,0.47,0.14,0.04
1812,0.28,0.28,0.48,0.15,0.04
1813,0.28,0.27,0.47,0.15,0.04
1814,0.28,0.28,0.47,0.15,0.04
1815,0.28,0.28,0.47,0.16,0.04
1816,0.28,0.28,0.48,0.16,0.04
1817,0.28,0.28,0.48,0.21,0.04
1818,0.28,0.28,0.48,0.16,0.04
1819,0.29,0.29,0.48,0.16,0.05
1820,0.29,0.28,0.48,0.16,0.05
1821,0.29,0.26,0.49,0.17,0.05
1822,0.28,0.25,0.47,0.17,0.04
1823,0.28,0.25,0.49,0.17,0.05
1824,0.28,0.25,0.48,0.17,0.04
1825,0.28,0.25,0.48,0.16,0.04
1826,0.28,0.26,0.48,0.15,0.04
1827,0.28,0.26,0.49,0.15,0.05
1828,0.31,0.28,0.49,0.16,0.05
1829,0.28,0.25,0.49,0.13,0.04
1830,0.28,0.26,0.49,0.13,0.04
1831,0.28,0.26,0.48,0.13,0.04
1832,0.28,0.26,0.48,0.13,0.04
1833,0.28,0.26,0.48,0.13,0.04
1834,0.28,0.26,0.48,0.13,0.04
1835,0.28,0.26,0.47,0.14,0.04
1836,0.28,0.26,0.47,0.14,0.04
1837,0.28,0.27,0.48,0.14,0.04
1838,0.28,0.27,0.51,0.2,0.05
1839,0.31,0.3,0.51,0.19,0.08
1840,0.29,0.28,0.48,0.17,0.05
1841,0.3,0.29,0.49,0.17,0.06
1842,0.3,0.29,0.5,0.18,0.07
1843,0.29,0.28,0.49,0.16,0.05
1844,0.29,0.28,0.5,0.16,0.05
1845,0.29,0.29,0.49,0.16,0.06
1846,0.29,0.29,0.5,0.17,0.06
1847,0.29,0.29,0.5,0.17,0.06
1848,0.29,0.29,0.5,0.17,0.06
1849,0.32,0.3,0.5,0.18,0.08
1850,0.27,0.27,0.48,0.13,0.04
1851,0.28,0.27,0.48,0.13,0.04
1852,0.27,0.27,0.47,0.13,0.04
1853,0.27,0.27,0.47,0.13,0.04
1854,0.27,0.27,0.47,0.13,0.04
1855,0.27,0.28,0.48,0.13,0.04
1856,0.27,0.27,0.49,0.13,0.04
1857,0.27,0.28,0.49,0.13,0.04
1858,0.27,0.27,0.49,0.13,0.04
1859,0.27,0.27,0.49,0.19,0.04
1860,0.33,0.33,0.53,0.22,0.11
1861,0.33,0.33,0.52,0.24,0.11
1862,0.33,0.33,0.53,0.24,0.11
1863,0.33,0.33,0.52,0.24,0.11
1864,0.33,0.33,0.51,0.24,0.11
1865,0.33,0.33,0.51,0.23,0.11
1866,0.33,0.33,0.52,0.23,0.11
1867,0.33,0.32,0.51,0.23,0.11
1868,0.33,0.33,0.52,0.23,0.11
1869,0.33,0.32,0.51,0.23,0.11
1870,0.31,0.29,0.49,0.19,0.06
1871,0.29,0.27,0.49,0.16,0.05
1872,0.28,0.27,0.49,0.16,0.05
1873,0.28,0.26,0.48,0.15,0.05
1874,0.28,0.26,0.51,0.15,0.05
1875,0.28,0.26,0.52,0.14,0.05
1876,0.28,0.26,0.53,0.14,0.04
1877,0.28,0.26,0.52,0.13,0.05
1878,0.28,0.26,0.52,0.13,0.05
1879,0.28,0.25,0.51,0.14,0.04
1880,0.28,0.25,0.53,0.17,0.06
1881,0.28,0.25,0.51,0.13,0.04
1882,0.28,0.25,0.5,0.13,0.04
1883,0.28,0.25,0.51,0.13,0.04
1884,0.28,0.25,0.51,0.13,0.04
1885,0.28,0.25,0.5,0.13,0.04
1886,0.28,0.25,0.5,0.13,0.04
1887,0.28,0.25,0.49,0.13,0.04
1888,0.28,0.24,0.49,0.13,0.04
1889,0.28,0.24,0.49,0.13,0.04
1890,0.28,0.24,0.49,0.13,0.04
1891,0.28,0.25,0.5,0.13,0.04
1892,0.31,0.28,0.52,0.18,0.09
1893,0.3,0.26,0.51,0.17,0.06
1894,0.28,0.24,0.51,0.15,0.04
1895,0.29,0.25,0.51,0.16,0.05
1896,0.3,0.26,0.51,0.18,0.07
1897,0.31,0.27,0.52,0.2,0.08
1898,0.3,0.25,0.5,0.2,0.06
1899,0.3,0.25,0.51,0.2,0.06
1900,0.3,0.25,0.5,0.2,0.06
1901,0.3,0.26,0.49,0.17,0.03
1902,0.3,0.26,0.51,0.19,0.07
1903,0.31,0.26,0.51,0.2,0.08
1904,0.31,0.26,0.51,0.19,0.08
1905,0.31,0.27,0.52,0.19,0.08
1906,0.31,0.27,0.51,0.19,0.08
1907,0.31,0.27,0.52,0.19,0.08
1908,0.31,0.27,0.52,0.19,0.08
1909,0.32,0.27,0.51,0.19,0.08
1910,0.29,0.25,0.49,0.16,0.05
1911,0.31,0.27,0.51,0.18,0.08
1912,0.3,0.26,0.5,0.16,0.05
1913,0.28,0.24,0.48,0.14,0.04
1914,0.28,0.23,0.49,0.13,0.04
1915,0.28,0.23,0.49,0.13,0.04
1916,0.28,0.23,0.49,0.13,0.04
1917,0.27,0.23,0.49,0.13,0.04
1918,0.27,0.23,0.49,0.12,0.04
1919,0.28,0.23,0.48,0.12,0.04
1920,0.27,0.23,0.49,0.12,0.04
1921,0.27,0.23,0.49,0.12,0.04
1922,0.27,0.23,0.51,0.16,0.05
1923,0.27,0.22,0.49,0.12,0.04
1924,0.27,0.22,0.49,0.12,0.04
1925,0.27,0.22,0.48,0.12,0.04
1926,0.27,0.22,0.48,0.12,0.04
1927,0.27,0.22,0.48,0.12,0.04
1928,0.27,0.22,0.48,0.12,0.04
1929,0.27,0.22,0.48,0.13,0.04
1930,0.27,0.22,0.48,0.13,0.04
1931,0.27,0.22,0.48,0.13,0.04
1932,0.27,0.22,0.5,0.12,0.04
1933,0.27,0.22,0.5,0.13,0.04
1934,0.27,0.22,0.5,0.13,0.04
1935,0.27,0.22,0.49,0.15,0.04
1936,0.27,0.21,0.5,0.16,0.04
1937,0.27,0.21,0.49,0.16,0.03
1938,0.27,0.21,0.49,0.17,0.04
1939,0.27,0.21,0.49,0.17,0.04
1940,0.27,0.22,0.49,0.17,0.04
1941,0.27,0.22,0.49,0.17,0.04
1942,0.27,0.22,0.49,0.16,0.04
1943,0.27,0.26,0.51,0.19,0.05
1944,0.27,0.21,0.49,0.16,0.04
1945,0.27,0.21,0.49,0.16,0.03
1946,0.27,0.21,0.49,0.16,0.04
1947,0.27,0.21,0.49,0.16,0.03
1948,0.27,0.21,0.49,0.16,0.04
1949,0.27,0.21,0.5,0.16,0.03
1950,0.27,0.21,0.49,0.16,0.04
1951,0.27,0.21,0.49,0.16,0.04
1952,0.27,0.21,0.49,0.16,0.03
1953,0.25,0.19,0.48,0.13,0.02
1954,0.25,0.19,0.48,0.13,0.02
1955,0.25,0.19,0.48,0.14,0.02
1956,0.25,0.19,0.48,0.13,0.02
1957,0.25,0.19,0.48,0.13,0.02
1958,0.25,0.19,0.48,0.13,0.02
1959,0.25,0.19,0.48,0.13,0.02
1960,0.25,0.19,0.48,0.12,0.02
1961,0.25,0.19,0.48,0.12,0.02
1962,0.25,0.19,0.48,0.12,0.02
1963,0.25,0.19,0.49,0.11,0.02
1964,0.3,0.22,0.5,0.13,0.03
1965,0.25,0.19,0.5,0.11,0.02
1966,0.25,0.19,0.5,0.11,0.02
1967,0.25,0.19,0.5,0.11,0.02
1968,0.25,0.19,0.5,0.11,0.02
1969,0.25,0.18,0.51,0.11,0.02
1970,0.25,0.18,0.5,0.1,0.02
1971,0.25,0.18,0.5,0.11,0.02
1972,0.25,0.18,0.5,0.12,0.02
1973,0.25,0.18,0.5,0.13,0.02
1974,0.25,0.18,0.5,0.14,0.02
1975,0.25,0.18,0.5,0.14,0.02
1976,0.25,0.18,0.5,0.15,0.02
1977,0.25,0.18,0.5,0.14,0.02
1978,0.25,0.18,0.5,0.14,0.02
1979,0.25,0.18,0.5,0.14,0.02
1980,0.25,0.18,0.5,0.13,0.02
1981,0.25,0.18,0.5,0.13,0.02
1982,0.25,0.18,0.5,0.13,0.02
1983,0.25,0.18,0.5,0.13,0.02
1984,0.25,0.18,0.5,0.13,0.02
1985,0.25,0.23,0.5,0.15,0.03
1986,0.25,0.18,0.5,0.13,0.02
1987,0.25,0.18,0.5,0.12,0.02
1988,0.25,0.18,0.49,0.12,0.02
1989,0.25,0.18,0.49,0.12,0.02
1990,0.25,0.18,0.5,0.11,0.02
1991,0.25,0.18,0.49,0.11,0.02
1992,0.25,0.18,0.49,0.11,0.02
1993,0.25,0.19,0.5,0.11,0.02
1994,0.25,0.19,0.5,0.1,0.02
1995,0.25,0.2,0.5,0.1,0.02
1996,0.25,0.19,0.5,0.1,0.02
1997,0.25,0.19,0.5,0.1,0.02
1998,0.25,0.18,0.5,0.11,0.02
1999,0.25,0.18,0.5,0.11,0.02
2000,0.25,0.18,0.5,0.12,0.02
2001,0.25,0.18,0.5,0.13,0.02
2002,0.25,0.18,0.5,0.14,0.02
2003,0.25,0.18,0.5,0.13,0.02
2004,0.25,0.18,0.5,0.14,0.02
2005,0.25,0.18,0.5,0.13,0.02
2006,0.29,0.22,0.5,0.15,0.03
2007,0.25,0.18,0.5,0.13,0.02
2008,0.25,0.19,0.5,0.14,0.02
2009,0.25,0.19,0.5,0.14,0.02
2010,0.25,0.18,0.5,0.13,0.02
2011,0.25,0.18,0.5,0.13,0.02
2012,0.25,0.18,0.5,0.13,0.02
2013,0.25,0.18,0.5,0.13,0.02
2014,0.25,0.19,0.5,0.13,0.02
2015,0.25,0.19,0.5,0.12,0.02
2016,0.25,0.18,0.5,0.13,0.03
2017,0.25,0.18,0.5,0.12,0.02
2018,0.25,0.18,0.5,0.12,0.02
2019,0.25,0.18,0.5,0.12,0.02
2020,0.25,0.19,0.5,0.12,0.02
2021,0.25,0.19,0.5,0.12,0.02
2022,0.25,0.19,0.5,0.12,0.02
2023,0.25,0.19,0.5,0.11,0.02
2024,0.25,0.19,0.5,0.11,0.02
2025,0.25,0.19,0.5,0.11,0.02
2026,0.25,0.19,0.5,0.11,0.02
2027,0.29,0.23,0.5,0.12,0.03
2028,0.25,0.2,0.5,0.11,0.02
2029,0.25,0.2,0.5,0.11,0.02
2030,0.25,0.2,0.5,0.11,0.02
2031,0.25,0.2,0.5,0.11,0.02
2032,0.25,0.2,0.5,0.11,0.02
2033,0.25,0.2,0.5,0.12,0.02
2034,0.25,0.2,0.5,0.13,0.02
2035,0.25,0.2,0.5,0.13,0.02
2036,0.25,0.2,0.5,0.13,0.02
2037,0.25,0.2,0.5,0.13,0.02
2038,0.25,0.2,0.5,0.13,0.02
2039,0.25,0.19,0.49,0.13,0.02
2040,0.25,0.19,0.5,0.13,0.02
2041,0.25,0.19,0.5,0.13,0.02
2042,0.25,0.19,0.5,0.12,0.02
2043,0.25,0.19,0.5,0.12,0.02
2044,0.25,0.19,0.5,0.12,0.02
2045,0.25,0.19,0.5,0.12,0.02
2046,0.25,0.19,0.5,0.12,0.02
2047,0.25,0.19,0.5,0.11,0.02
2048,0.29,0.22,0.5,0.13,0.03
2049,0.25,0.19,0.5,0.11,0.02
2050,0.25,0.19,0.49,0.11,0.02
2051,0.25,0.19,0.49,0.11,0.02
2052,0.25,0.19,0.49,0.11,0.02
2053,0.25,0.19,0.5,0.11,0.02
2054,0.25,0.19,0.49,0.11,0.02
2055,0.25,0.19,0.5,0.11,0.02
2056,0.25,0.19,0.5,0.11,0.02
2057,0.25,0.18,0.5,0.11,0.02
2058,0.25,0.18,0.5,0.12,0.03
2059,0.25,0.18,0.5,0.12,0.02
2060,0.25,0.18,0.49,0.12,0.02
2061,0.25,0.18,0.49,0.12,0.02
2062,0.25,0.18,0.49,0.13,0.02
2063,0.25,0.18,0.49,0.13,0.02
2064,0.25,0.18,0.5,0.13,0.02
2065,0.25,0.18,0.5,0.13,0.02
2066,0.25,0.18,0.49,0.13,0.02
2067,0.25,0.18,0.49,0.13,0.02
2068,0.25,0.18,0.49,0.13,0.02
2069,0.28,0.2,0.49,0.14,0.03
2070,0.25,0.18,0.49,0.12,0.02
2071,0.25,0.18,0.49,0.12,0.02
2072,0.25,0.18,0.49,0.12,0.02
2073,0.25,0.18,0.49,0.12,0.02
2074,0.25,0.18,0.49,0.12,0.02
2075,0.25,0.18,0.49,0.12,0.02
2076,0.25,0.18,0.5,0.12,0.02
2077,0.25,0.18,0.5,0.12,0.02
2078,0.25,0.18,0.5,0.11,0.02
2079,0.25,0.18,0.5,0.15,0.03
2080,0.25,0.18,0.5,0.1,0.02
2081,0.25,0.18,0.5,0.1,0.02
2082,0.25,0.18,0.5,0.11,0.02
2083,0.25,0.18,0.5,0.11,0.02
2084,0.25,0.18,0.5,0.11,0.02
2085,0.25,0.18,0.5,0.11,0.02
2086,0.25,0.18,0.5,0.11,0.02
2087,0.25,0.18,0.5,0.11,0.02
2088,0.25,0.18,0.5,0.11,0.02
2089,0.25,0.18,0.5,0.11,0.02
2090,0.28,0.21,0.5,0.12,0.03
2091,0.25,0.18,0.52,0.1,0.02
2092,0.25,0.18,0.53,0.12,0.02
2093,0.25,0.18,0.52,0.13,0.02
2094,0.25,0.18,0.52,0.13,0.02
2095,0.25,0.18,0.52,0.14,0.02
2096,0.25,0.17,0.52,0.14,0.02
2097,0.25,0.17,0.52,0.14,0.02
2098,0.25,0.17,0.52,0.13,0.02
2099,0.25,0.17,0.52,0.13,0.02
2100,0.25,0.17,0.52,0.13,0.03
2101,0.25,0.17,0.51,0.13,0.02
2102,0.25,0.17,0.52,0.13,0.02
2103,0.25,0.17,0.52,0.13,0.02
2104,0.25,0.17,0.52,0.13,0.02
2105,0.25,0.17,0.52,0.13,0.02
2106,0.25,0.17,0.52,0.12,0.02
2107,0.25,0.17,0.51,0.13,0.02
2108,0.25,0.17,0.51,0.13,0.02
2109,0.25,0.17,0.51,0.13,0.02
2110,0.25,0.17,0.51,0.12,0.02
2111,0.27,0.2,0.51,0.13,0.03
2112,0.25,0.17,0.51,0.12,0.02
2113,0.25,0.17,0.51,0.12,0.02
2114,0.25,0.17,0.51,0.12,0.02
2115,0.25,0.17,0.51,0.11,0.02
2116,0.25,0.17,0.5,0.11,0.02
2117,0.25,0.17,0.5,0.11,0.02
2118,0.25,0.17,0.5,0.11,0.02
2119,0.25,0.18,0.5,0.11,0.02
2120,0.25,0.17,0.5,0.11,0.02
2121,0.25,0.18,0.5,0.16,0.03
2122,0.25,0.17,0.5,0.11,0.02
2123,0.25,0.18,0.5,0.11,0.02
2124,0.25,0.18,0.5,0.11,0.02
2125,0.25,0.18,0.5,0.12,0.02
2126,0.25,0.18,0.5,0.12,0.02
2127,0.25,0.18,0.5,0.12,0.02
2128,0.25,0.19,0.5,0.12,0.02
2129,0.25,0.2,0.5,0.12,0.02
2130,0.25,0.21,0.5,0.12,0.02
2131,0.25,0.22,0.5,0.13,0.02
2132,0.27,0.22,0.5,0.14,0.03
2133,0.25,0.2,0.5,0.13,0.02
2134,0.25,0.22,0.5,0.13,0.02
2135,0.25,0.24,0.5,0.12,0.02
2136,0.25,0.23,0.5,0.12,0.02
2137,0.25,0.19,0.5,0.12,0.02
2138,0.25,0.18,0.5,0.13,0.02
2139,0.25,0.18,0.5,0.13,0.02
2140,0.25,0.18,0.5,0.13,0.02
2141,0.25,0.18,0.5,0.13,0.02
2142,0.25,0.18,0.52,0.16,0.03
2143,0.25,0.18,0.5,0.13,0.02
2144,0.25,0.18,0.51,0.13,0.02
2145,0.25,0.18,0.51,0.13,0.02
2146,0.25,0.18,0.5,0.13,0.02
2147,0.25,0.18,0.5,0.14,0.02
2148,0.25,0.18,0.51,0.16,0.02
2149,0.25,0.19,0.51,0.15,0.02
2150,0.25,0.19,0.5,0.15,0.02
2151,0.25,0.19,0.5,0.14,0.02
2152,0.25,0.19,0.5,0.14,0.02
2153,0.25,0.19,0.5,0.13,0.02
2154,0.25,0.18,0.5,0.13,0.02
2155,0.25,0.18,0.5,0.13,0.02
2156,0.25,0.18,0.5,0.13,0.02
2157,0.25,0.18,0.5,0.12,0.02
2158,0.25,0.18,0.5,0.12,0.02
2159,0.25,0.18,0.5,0.12,0.02
2160,0.25,0.19,0.5,0.12,0.02
2161,0.25,0.18,0.5,0.12,0.02
2162,0.25,0.19,0.51,0.12,0.02
2163,0.25,0.24,0.51,0.15,0.03
2164,0.25,0.19,0.51,0.12,0.02
2165,0.25,0.18,0.5,0.12,0.02
2166,0.25,0.18,0.5,0.12,0.02
2167,0.25,0.18,0.5,0.12,0.02
2168,0.25,0.18,0.5,0.12,0.02
2169,0.25,0.18,0.5,0.12,0.02
2170,0.25,0.18,0.5,0.13,0.02
2171,0.25,0.18,0.5,0.13,0.02
2172,0.25,0.19,0.5,0.13,0.02
2173,0.25,0.19,0.5,0.13,0.02
2174,0.24,0.19,0.5,0.13,0.02
2175,0.25,0.19,0.5,0.13,0.02
2176,0.25,0.19,0.51,0.13,0.02
2177,0.25,0.19,0.51,0.13,0.02
2178,0.25,0.19,0.5,0.12,0.02
2179,0.24,0.19,0.51,0.12,0.02
2180,0.25,0.19,0.51,0.12,0.02
2181,0.25,0.19,0.5,0.12,0.02
2182,0.25,0.18,0.5,0.12,0.02
2183,0.25,0.19,0.5,0.12,0.02
2184,0.29,0.22,0.5,0.14,0.03
2185,0.25,0.19,0.5,0.12,0.02
2186,0.25,0.18,0.5,0.12,0.02
2187,0.25,0.19,0.5,0.12,0.02
2188,0.25,0.19,0.5,0.12,0.02
2189,0.25,0.19,0.5,0.12,0.02
2190,0.25,0.19,0.5,0.12,0.02
2191,0.25,0.19,0.5,0.11,0.02
2192,0.25,0.19,0.5,0.11,0.02
2193,0.25,0.19,0.5,0.11,0.02
2194,0.25,0.19,0.5,0.11,0.02
2195,0.25,0.19,0.5,0.11,0.02
2196,0.25,0.19,0.5,0.11,0.02
2197,0.25,0.19,0.5,0.11,0.02
2198,0.25,0.19,0.49,0.12,0.02
2199,0.25,0.19,0.49,0.12,0.02
2200,0.25,0.19,0.49,0.13,0.02
2201,0.25,0.29,0.49,0.13,0.02
2202,0.24,0.3,0.49,0.13,0.02
2203,0.25,0.31,0.49,0.14,0.02
2204,0.24,0.31,0.49,0.16,0.02
2205,0.28,0.33,0.5,0.17,0.03
2206,0.25,0.3,0.49,0.14,0.02
2207,0.24,0.3,0.49,0.14,0.02
2208,0.24,0.29,0.49,0.14,0.02
2209,0.25,0.29,0.49,0.13,0.02
2210,0.25,0.29,0.49,0.13,0.02
2211,0.25,0.28,0.49,0.12,0.02
2212,0.25,0.28,0.49,0.12,0.02
2213,0.25,0.27,0.49,0.12,0.02
2214,0.25,0.27,0.49,0.11,0.02
2215,0.25,0.26,0.49,0.11,0.02
2216,0.25,0.26,0.49,0.11,0.02
2217,0.25,0.25,0.49,0.1,0.02
2218,0.25,0.25,0.49,0.1,0.02
2219,0.25,0.25,0.49,0.1,0.02
2220,0.25,0.24,0.49,0.1,0.02
2221,0.25,0.24,0.49,0.11,0.02
2222,0.25,0.24,0.49,0.11,0.02
2223,0.25,0.23,0.49,0.11,0.02
2224,0.25,0.23,0.49,0.12,0.02
2225,0.25,0.22,0.49,0.12,0.02
2226,0.29,0.25,0.49,0.14,0.03
2227,0.25,0.22,0.49,0.13,0.02
2228,0.25,0.21,0.49,0.13,0.02
2229,0.25,0.21,0.5,0.12,0.02
2230,0.25,0.21,0.5,0.12,0.02
2231,0.25,0.2,0.5,0.12,0.02
2232,0.25,0.2,0.5,0.12,0.02
2233,0.25,0.2,0.5,0.12,0.02
2234,0.25,0.2,0.5,0.12,0.02
2235,0.25,0.2,0.5,0.12,0.02
2236,0.25,0.21,0.49,0.11,0.02
2237,0.25,0.22,0.49,0.11,0.02
2238,0.25,0.22,0.5,0.1,0.02
2239,0.25,0.22,0.5,0.1,0.02
2240,0.24,0.23,0.5,0.11,0.02
2241,0.24,0.22,0.5,0.11,0.02
2242,0.24,0.22,0.49,0.1,0.02
2243,0.25,0.22,0.49,0.1,0.02
2244,0.25,0.21,0.5,0.11,0.02
2245,0.25,0.21,0.49,0.11,0.02
2246,0.25,0.21,0.49,0.11,0.02
2247,0.28,0.23,0.49,0.12,0.03
2248,0.25,0.21,0.49,0.11,0.02
2249,0.24,0.21,0.49,0.11,0.02
2250,0.25,0.21,0.49,0.11,0.02
2251,0.24,0.21,0.49,0.12,0.02
2252,0.25,0.2,0.49,0.12,0.02
2253,0.25,0.2,0.5,0.13,0.02
2254,0.25,0.19,0.5,0.13,0.02
2255,0.25,0.18,0.5,0.13,0.02
2256,0.25,0.18,0.49,0.13,0.02
2257,0.25,0.19,0.49,0.13,0.03
2258,0.25,0.19,0.49,0.13,0.02
2259,0.25,0.18,0.49,0.13,0.02
2260,0.25,0.18,0.48,0.13,0.02
2261,0.25,0.18,0.49,0.12,0.02
2262,0.25,0.18,0.48,0.12,0.02
2263,0.25,0.18,0.49,0.12,0.02
2264,0.25,0.18,0.49,0.12,0.02
2265,0.25,0.18,0.49,0.12,0.02
2266,0.25,0.18,0.5,0.12,0.02
2267,0.24,0.18,0.5,0.11,0.02
2268,0.28,0.2,0.5,0.12,0.03
2269,0.25,0.18,0.5,0.1,0.02
2270,0.25,0.18,0.5,0.1,0.02
2271,0.24,0.18,0.49,0.1,0.02
2272,0.25,0.18,0.48,0.1,0.02
2273,0.25,0.17,0.49,0.1,0.02
2274,0.24,0.18,0.49,0.1,0.02
2275,0.24,0.18,0.49,0.1,0.02
2276,0.24,0.18,0.49,0.1,0.02
2277,0.24,0.18,0.49,0.1,0.02
2278,0.24,0.17,0.5,0.1,0.02
2279,0.24,0.17,0.5,0.1,0.02
2280,0.25,0.17,0.5,0.1,0.02
2281,0.24,0.17,0.5,0.1,0.02
2282,0.24,0.17,0.5,0.11,0.02
2283,0.25,0.17,0.5,0.11,0.02
2284,0.25,0.17,0.5,0.12,0.02
2285,0.25,0.17,0.5,0.13,0.02
2286,0.24,0.17,0.5,0.13,0.02
2287,0.25,0.17,0.49,0.13,0.02
2288,0.25,0.17,0.49,0.14,0.02
2289,0.27,0.2,0.49,0.15,0.03
2290,0.25,0.17,0.49,0.13,0.02
2291,0.25,0.17,0.49,0.13,0.02
2292,0.25,0.17,0.49,0.13,0.02
2293,0.24,0.17,0.49,0.13,0.02
2294,0.24,0.17,0.48,0.13,0.02
2295,0.25,0.17,0.48,0.13,0.02
2296,0.25,0.17,0.49,0.12,0.02
2297,0.24,0.17,0.5,0.12,0.02
2298,0.25,0.17,0.52,0.12,0.02
2299,0.24,0.17,0.52,0.12,0.03
2300,0.24,0.18,0.52,0.12,0.02
2301,0.24,0.22,0.52,0.12,0.02
2302,0.24,0.2,0.52,0.12,0.02
2303,0.24,0.19,0.51,0.12,0.02
2304,0.24,0.19,0.52,0.11,0.02
2305,0.24,0.18,0.51,0.11,0.02
2306,0.24,0.18,0.51,0.11,0.02
2307,0.24,0.18,0.51,0.11,0.02
2308,0.25,0.18,0.52,0.11,0.02
2309,0.24,0.18,0.51,0.11,0.02
2310,0.26,0.19,0.51,0.12,0.03
2311,0.24,0.17,0.51,0.1,0.02
2312,0.24,0.17,0.51,0.11,0.02
2313,0.25,0.17,0.51,0.11,0.02
2314,0.24,0.17,0.51,0.11,0.02
2315,0.25,0.18,0.51,0.11,0.02
2316,0.24,0.18,0.51,0.11,0.02
2317,0.25,0.17,0.51,0.11,0.02
2318,0.24,0.17,0.51,0.11,0.02
2319,0.24,0.17,0.51,0.11,0.02
2320,0.24,0.17,0.51,0.15,0.03
2321,0.24,0.17,0.51,0.12,0.02
2322,0.24,0.17,0.51,0.11,0.02
2323,0.24,0.17,0.51,0.11,0.02
2324,0.24,0.16,0.51,0.12,0.02
2325,0.24,0.16,0.51,0.13,0.02
2326,0.24,0.16,0.5,0.14,0.02
2327,0.24,0.17,0.5,0.14,0.02
2328,0.24,0.16,0.5,0.14,0.02
2329,0.24,0.16,0.5,0.14,0.02
2330,0.24,0.16,0.5,0.14,0.02
2331,0.27,0.19,0.5,0.15,0.03
2332,0.24,0.16,0.5,0.13,0.02
2333,0.24,0.16,0.5,0.13,0.02
2334,0.24,0.16,0.5,0.13,0.02
2335,0.24,0.16,0.5,0.13,0.02
2336,0.24,0.15,0.5,0.13,0.02
2337,0.24,0.15,0.5,0.13,0.02
2338,0.24,0.15,0.5,0.12,0.02
2339,0.25,0.15,0.5,0.12,0.02
2340,0.24,0.15,0.49,0.12,0.02
2341,0.24,0.15,0.49,0.12,0.03
2342,0.24,0.15,0.49,0.12,0.02
2343,0.24,0.15,0.49,0.12,0.02
2344,0.24,0.15,0.49,0.12,0.02
2345,0.24,0.15,0.49,0.12,0.02
2346,0.24,0.15,0.49,0.11,0.02
2347,0.24,0.15,0.49,0.11,0.02
2348,0.24,0.15,0.5,0.11,0.02
2349,0.24,0.15,0.5,0.1,0.02
2350,0.24,0.15,0.5,0.1,0.02
2351,0.24,0.15,0.49,0.1,0.02
2352,0.26,0.17,0.49,0.12,0.03
2353,0.24,0.14,0.5,0.11,0.02
2354,0.25,0.14,0.5,0.11,0.02
2355,0.25,0.14,0.5,0.12,0.02
2356,0.25,0.14,0.49,0.13,0.02
2357,0.25,0.14,0.49,0.13,0.02
2358,0.25,0.14,0.49,0.13,0.02
2359,0.25,0.14,0.49,0.13,0.02
2360,0.25,0.14,0.5,0.14,0.02
2361,0.25,0.14,0.5,0.14,0.02
2362,0.25,0.19,0.5,0.16,0.03
2363,0.25,0.14,0.5,0.13,0.02
2364,0.25,0.14,0.5,0.13,0.02
2365,0.24,0.14,0.5,0.13,0.02
2366,0.25,0.14,0.49,0.13,0.02
2367,0.25,0.15,0.5,0.12,0.02
2368,0.24,0.15,0.5,0.12,0.02
2369,0.24,0.15,0.5,0.12,0.02
2370,0.24,0.15,0.49,0.12,0.02
2371,0.24,0.15,0.49,0.11,0.02
2372,0.24,0.16,0.49,0.15,0.03
2373,0.24,0.16,0.5,0.11,0.02
2374,0.24,0.17,0.49,0.11,0.02
2375,0.24,0.16,0.49,0.1,0.02
2376,0.24,0.15,0.49,0.11,0.02
2377,0.24,0.15,0.49,0.1,0.02
2378,0.24,0.15,0.49,0.1,0.02
2379,0.24,0.14,0.49,0.1,0.02
2380,0.24,0.14,0.49,0.1,0.02
2381,0.24,0.14,0.49,0.1,0.02
2382,0.24,0.14,0.5,0.1,0.02
2383,0.24,0.14,0.5,0.1,0.02
2384,0.24,0.14,0.5,0.1,0.02
2385,0.24,0.15,0.5,0.1,0.02
2386,0.24,0.16,0.5,0.1,0.02
2387,0.24,0.16,0.5,0.1,0.02
2388,0.24,0.14,0.5,0.1,0.02
2389,0.24,0.14,0.5,0.1,0.02
2390,0.24,0.14,0.5,0.11,0.02
2391,0.24,0.14,0.5,0.12,0.02
2392,0.24,0.16,0.5,0.12,0.02
2393,0.28,0.19,0.51,0.15,0.03
2394,0.24,0.14,0.51,0.15,0.02
2395,0.24,0.14,0.5,0.15,0.02
2396,0.24,0.14,0.5,0.15,0.02
2397,0.24,0.15,0.5,0.16,0.02
2398,0.24,0.21,0.5,0.15,0.02
2399,0.24,0.21,0.5,0.15,0.02
2400,0.24,0.21,0.5,0.14,0.02
2401,0.24,0.21,0.5,0.14,0.02
2402,0.24,0.22,0.5,0.13,0.02
2403,0.24,0.22,0.51,0.16,0.03
2404,0.24,0.23,0.5,0.13,0.02
2405,0.24,0.23,0.5,0.13,0.02
2406,0.24,0.23,0.49,0.13,0.02
2407,0.24,0.23,0.49,0.12,0.02
2408,0.24,0.24,0.49,0.12,0.02
2409,0.24,0.24,0.49,0.12,0.02
2410,0.24,0.24,0.49,0.12,0.02
2411,0.24,0.36,0.49,0.11,0.02
2412,0.24,0.51,0.49,0.11,0.02
2413,0.24,0.58,0.49,0.11,0.02
2414,0.24,0.54,0.49,0.11,0.02
2415,0.24,0.67,0.49,0.1,0.02
2416,0.24,0.59,0.49,0.11,0.02
2417,0.24,0.75,0.5,0.1,0.02
2418,0.24,0.74,0.5,0.1,0.02
2419,0.24,0.67,0.5,0.11,0.02
2420,0.24,0.68,0.5,0.1,0.02
2421,0.24,0.66,0.5,0.1,0.02
2422,0.24,0.67,0.49,0.1,0.02
2423,0.24,0.54,0.5,0.1,0.02
2424,0.26,0.62,0.5,0.11,0.03
2425,0.24,0.59,0.5,0.1,0.02
2426,0.24,0.62,0.5,0.1,0.02
2427,0.24,0.65,0.5,0.1,0.02
2428,0.24,0.67,0.5,0.1,0.02
2429,0.24,0.67,0.5,0.1,0.02
2430,0.25,0.69,0.5,0.1,0.02
2431,0.25,0.7,0.5,0.1,0.02
2432,0.25,0.7,0.5,0.11,0.02
2433,0.25,0.69,0.51,0.13,0.02
2434,0.28,0.67,0.5,0.15,0.03
2435,0.24,0.71,0.5,0.14,0.02
2436,0.24,0.74,0.5,0.14,0.02
2437,0.24,0.72,0.5,0.14,0.02
2438,0.24,0.68,0.5,0.15,0.02
2439,0.24,0.7,0.5,0.16,0.02
2440,0.24,0.71,0.5,0.15,0.02
2441,0.24,0.74,0.5,0.14,0.02
2442,0.24,0.74,0.5,0.14,0.02
2443,0.24,0.67,0.5,0.13,0.03
2444,0.24,0.67,0.5,0.17,0.03
2445,0.24,0.68,0.5,0.13,0.02
2446,0.24,0.66,0.5,0.13,0.02
2447,0.24,0.63,0.5,0.12,0.02
2448,0.24,0.7,0.5,0.12,0.02
2449,0.24,0.62,0.5,0.12,0.02
2450,0.24,0.67,0.5,0.12,0.02
2451,0.24,0.71,0.51,0.12,0.02
2452,0.24,0.66,0.51,0.11,0.02
2453,0.24,0.68,0.51,0.11,0.02
2454,0.24,0.62,0.51,0.11,0.02
2455,0.24,0.55,0.51,0.11,0.02
2456,0.24,0.61,0.51,0.1,0.02
2457,0.24,0.63,0.51,0.1,0.02
2458,0.24,0.61,0.51,0.1,0.02
2459,0.24,0.61,0.51,0.1,0.02
2460,0.24,0.62,0.51,0.1,0.02
2461,0.24,0.62,0.51,0.1,0.02
2462,0.24,0.59,0.51,0.1,0.02
2463,0.24,0.57,0.5,0.1,0.02
2464,0.24,0.49,0.51,0.1,0.02
2465,0.26,0.49,0.51,0.11,0.03
2466,0.24,0.56,0.51,0.1,0.03
2467,0.24,0.42,0.51,0.1,0.02
2468,0.24,0.57,0.51,0.11,0.02
2469,0.24,0.54,0.51,0.11,0.02
2470,0.24,0.51,0.51,0.11,0.02
2471,0.24,0.5,0.5,0.11,0.02
2472,0.24,0.51,0.5,0.11,0.02
2473,0.24,0.52,0.5,0.11,0.02
2474,0.24,0.48,0.5,0.1,0.02
2475,0.24,0.42,0.5,0.13,0.03
2476,0.24,0.25,0.5,0.11,0.02
2477,0.24,0.25,0.5,0.11,0.02
2478,0.24,0.32,0.5,0.13,0.02
2479,0.24,0.33,0.5,0.14,0.02
2480,0.24,0.36,0.5,0.16,0.02
2481,0.24,0.28,0.5,0.16,0.02
2482,0.24,0.25,0.5,0.16,0.02
2483,0.24,0.24,0.5,0.15,0.02
2484,0.24,0.24,0.5,0.14,0.02
2485,0.24,0.24,0.5,0.14,0.03
2486,0.24,0.25,0.5,0.13,0.02
2487,0.24,0.24,0.5,0.13,0.02
2488,0.24,0.24,0.5,0.13,0.02
2489,0.24,0.25,0.5,0.12,0.02
2490,0.24,0.24,0.51,0.12,0.02
2491,0.24,0.24,0.51,0.12,0.02
2492,0.24,0.26,0.51,0.12,0.02
2493,0.24,0.39,0.51,0.12,0.02
2494,0.24,0.4,0.5,0.11,0.02
2495,0.24,0.39,0.52,0.11,0.02
2496,0.24,0.36,0.52,0.11,0.02
2497,0.24,0.31,0.51,0.1,0.02
2498,0.24,0.29,0.51,0.1,0.02
2499,0.24,0.24,0.51,0.1,0.02
2500,0.24,0.26,0.51,0.1,0.02
2501,0.24,0.24,0.51,0.1,0.02
2502,0.24,0.24,0.51,0.1,0.02
2503,0.24,0.25,0.51,0.1,0.02
2504,0.24,0.24,0.51,0.1,0.02
2505,0.24,0.24,0.5,0.1,0.02
2506,0.27,0.26,0.51,0.12,0.03
2507,0.24,0.24,0.51,0.1,0.02
2508,0.24,0.24,0.51,0.1,0.02
2509,0.24,0.23,0.51,0.1,0.02
2510,0.24,0.24,0.51,0.1,0.02
2511,0.24,0.26,0.51,0.1,0.02
2512,0.24,0.24,0.51,0.1,0.02
2513,0.24,0.24,0.51,0.1,0.02
2514,0.24,0.24,0.51,0.11,0.02
2515,0.24,0.24,0.51,0.11,0.02
2516,0.24,0.24,0.51,0.15,0.03
2517,0.24,0.29,0.51,0.12,0.02
2518,0.24,0.39,0.51,0.11,0.02
2519,0.24,0.33,0.51,0.1,0.02
2520,0.24,0.44,0.51,0.1,0.02
2521,0.24,0.44,0.51,0.1,0.02
2522,0.24,0.47,0.51,0.1,0.02
2523,0.24,0.46,0.51,0.1,0.02
2524,0.24,0.46,0.51,0.11,0.02
2525,0.24,0.43,0.51,0.13,0.02
2526,0.24,0.43,0.51,0.14,0.02
2527,0.24,0.49,0.51,0.14,0.02
2528,0.24,0.47,0.51,0.14,0.02
2529,0.24,0.49,0.51,0.14,0.02
2530,0.24,0.48,0.51,0.14,0.02
2531,0.23,0.4,0.51,0.14,0.02
2532,0.23,0.48,0.51,0.13,0.02
2533,0.23,0.49,0.51,0.13,0.02
2534,0.24,0.44,0.51,0.13,0.02
2535,0.23,0.34,0.51,0.13,0.02
2536,0.23,0.31,0.51,0.12,0.02
2537,0.25,0.33,0.54,0.14,0.03
2538,0.23,0.35,0.54,0.13,0.02
2539,0.24,0.37,0.54,0.13,0.02
2540,0.24,0.45,0.54,0.14,0.02
2541,0.24,0.49,0.54,0.15,0.02
2542,0.24,0.51,0.54,0.14,0.02
2543,0.24,0.53,0.54,0.14,0.03
2544,0.24,0.53,0.54,0.13,0.03
2545,0.24,0.55,0.54,0.13,0.03
2546,0.24,0.54,0.54,0.12,0.03
2547,0.27,0.46,0.53,0.14,0.03
2548,0.23,0.29,0.53,0.11,0.02
2549,0.23,0.29,0.53,0.11,0.02
2550,0.23,0.29,0.53,0.11,0.02
2551,0.23,0.28,0.53,0.11,0.02
2552,0.23,0.28,0.53,0.11,0.02
2553,0.23,0.28,0.52,0.1,0.02
2554,0.24,0.28,0.52,0.1,0.02
2555,0.23,0.37,0.53,0.1,0.02
2556,0.23,0.28,0.53,0.1,0.02
2557,0.23,0.35,0.53,0.13,0.03
2558,0.23,0.27,0.52,0.1,0.02
2559,0.23,0.27,0.52,0.1,0.02
2560,0.23,0.37,0.52,0.1,0.02
2561,0.23,0.36,0.52,0.1,0.02
2562,0.23,0.4,0.52,0.1,0.02
2563,0.23,0.27,0.52,0.09,0.02
2564,0.23,0.31,0.52,0.1,0.02
2565,0.23,0.33,0.52,0.1,0.02
2566,0.23,0.33,0.52,0.1,0.02
2567,0.23,0.36,0.52,0.1,0.02
2568,0.23,0.37,0.52,0.1,0.02
2569,0.23,0.45,0.52,0.1,0.02
2570,0.23,0.45,0.52,0.1,0.02
2571,0.23,0.44,0.51,0.1,0.02
2572,0.23,0.38,0.51,0.1,0.02
2573,0.23,0.34,0.5,0.11,0.02
2574,0.24,0.3,0.51,0.12,0.02
2575,0.24,0.31,0.5,0.14,0.02
2576,0.24,0.3,0.51,0.14,0.02
2577,0.24,0.27,0.51,0.15,0.02
2578,0.27,0.3,0.51,0.17,0.03
2579,0.23,0.28,0.51,0.16,0.02
2580,0.24,0.27,0.5,0.16,0.02
2581,0.24,0.36,0.51,0.15,0.02
2582,0.24,0.34,0.51,0.15,0.02
2583,0.24,0.33,0.5,0.14,0.02
2584,0.23,0.29,0.51,0.14,0.02
2585,0.23,0.26,0.51,0.13,0.02
2586,0.24,0.26,0.51,0.13,0.02
2587,0.23,0.26,0.51,0.13,0.02
2588,0.23,0.26,0.52,0.15,0.03
2589,0.23,0.26,0.51,0.12,0.02
2590,0.23,0.29,0.51,0.12,0.02
2591,0.23,0.28,0.51,0.12,0.02
2592,0.23,0.29,0.51,0.12,0.02
2593,0.23,0.27,0.51,0.11,0.02
2594,0.23,0.26,0.51,0.11,0.02
2595,0.23,0.26,0.51,0.11,0.02
2596,0.23,0.26,0.51,0.11,0.02
2597,0.23,0.26,0.51,0.11,0.02
2598,0.23,0.26,0.52,0.1,0.03
2599,0.23,0.25,0.53,0.1,0.02
2600,0.23,0.28,0.53,0.1,0.02
2601,0.23,0.28,0.53,0.1,0.02
2602,0.23,0.27,0.52,0.11,0.02
2603,0.23,0.26,0.52,0.1,0.02
2604,0.23,0.25,0.52,0.1,0.02
2605,0.23,0.25,0.52,0.1,0.02
2606,0.23,0.25,0.52,0.1,0.02
2607,0.23,0.25,0.52,0.1,0.02
2608,0.23,0.25,0.52,0.1,0.02
2609,0.23,0.3,0.52,0.1,0.02
2610,0.23,0.31,0.52,0.1,0.02
2611,0.23,0.29,0.52,0.1,0.02
2612,0.23,0.28,0.52,0.1,0.02
2613,0.23,0.26,0.52,0.1,0.02
2614,0.23,0.25,0.52,0.11,0.02
2615,0.23,0.25,0.52,0.11,0.02
2616,0.23,0.25,0.52,0.13,0.02
2617,0.23,0.25,0.52,0.14,0.02
2618,0.23,0.25,0.52,0.16,0.02
2619,0.26,0.27,0.52,0.18,0.03
2620,0.23,0.25,0.52,0.16,0.02
2621,0.23,0.25,0.52,0.16,0.02
2622,0.23,0.25,0.52,0.15,0.02
2623,0.23,0.21,0.52,0.15,0.02
2624,0.23,0.21,0.52,0.14,0.02
2625,0.23,0.21,0.52,0.14,0.02
2626,0.23,0.22,0.51,0.13,0.02
2627,0.23,0.23,0.52,0.13,0.02
2628,0.23,0.23,0.51,0.13,0.02
2629,0.23,0.23,0.51,0.17,0.03
2630,0.23,0.23,0.52,0.12,0.02
2631,0.23,0.23,0.52,0.12,0.02
2632,0.23,0.24,0.51,0.12,0.02
2633,0.23,0.24,0.52,0.12,0.02
2634,0.23,0.24,0.52,0.12,0.02
2635,0.23,0.24,0.52,0.11,0.02
2636,0.23,0.24,0.52,0.11,0.02
2637,0.23,0.23,0.52,0.11,0.02
2638,0.23,0.23,0.52,0.11,0.02
2639,0.23,0.23,0.52,0.11,0.02
2640,0.23,0.24,0.52,0.11,0.02
2641,0.23,0.24,0.52,0.11,0.02
2642,0.23,0.24,0.52,0.1,0.02
2643,0.23,0.24,0.52,0.1,0.02
2644,0.23,0.24,0.52,0.1,0.02
2645,0.23,0.24,0.51,0.1,0.02
2646,0.23,0.23,0.52,0.1,0.02
2647,0.23,0.23,0.51,0.1,0.02
2648,0.23,0.23,0.51,0.1,0.02
2649,0.23,0.3,0.52,0.1,0.02
2650,0.25,0.38,0.52,0.11,0.03
2651,0.23,0.4,0.52,0.1,0.02
2652,0.23,0.47,0.52,0.1,0.02
2653,0.23,0.49,0.52,0.1,0.02
2654,0.23,0.49,0.51,0.11,0.02
2655,0.23,0.47,0.52,0.11,0.02
2656,0.23,0.47,0.52,0.11,0.02
2657,0.23,0.46,0.52,0.13,0.02
2658,0.23,0.46,0.52,0.14,0.02
2659,0.23,0.45,0.52,0.16,0.02
2660,0.27,0.46,0.53,0.19,0.03
2661,0.23,0.46,0.53,0.17,0.02
2662,0.23,0.44,0.53,0.16,0.02
2663,0.23,0.42,0.53,0.16,0.02
2664,0.23,0.42,0.53,0.15,0.02
2665,0.23,0.4,0.53,0.14,0.02
2666,0.23,0.37,0.52,0.14,0.02
2667,0.23,0.35,0.52,0.13,0.02
2668,0.23,0.24,0.52,0.13,0.02
2669,0.23,0.24,0.52,0.13,0.02
2670,0.23,0.24,0.52,0.16,0.03
2671,0.22,0.23,0.52,0.12,0.02
2672,0.23,0.23,0.52,0.12,0.02
2673,0.22,0.24,0.52,0.12,0.02
2674,0.23,0.24,0.51,0.12,0.02
2675,0.22,0.24,0.51,0.11,0.02
2676,0.22,0.25,0.52,0.11,0.02
2677,0.22,0.25,0.52,0.11,0.02
2678,0.22,0.25,0.52,0.11,0.02
2679,0.22,0.27,0.51,0.11,0.02
2680,0.22,0.24,0.51,0.11,0.02
2681,0.22,0.25,0.52,0.11,0.02
2682,0.22,0.24,0.51,0.11,0.02
2683,0.22,0.24,0.51,0.11,0.02
2684,0.22,0.24,0.52,0.11,0.02
2685,0.22,0.24,0.52,0.1,0.02
2686,0.22,0.24,0.52,0.1,0.02
2687,0.22,0.24,0.52,0.1,0.02
2688,0.22,0.24,0.52,0.1,0.02
2689,0.21,0.24,0.52,0.1,0.02
2690,0.21,0.24,0.52,0.1,0.02
2691,0.25,0.26,0.52,0.12,0.03
2692,0.21,0.24,0.52,0.1,0.02
2693,0.21,0.24,0.52,0.1,0.02
2694,0.22,0.24,0.52,0.1,0.02
2695,0.22,0.24,0.52,0.1,0.02
2696,0.22,0.24,0.52,0.11,0.02
2697,0.22,0.24,0.52,0.11,0.02
2698,0.22,0.24,0.52,0.14,0.02
2699,0.22,0.24,0.52,0.16,0.02
2700,0.22,0.24,0.52,0.17,0.02
2701,0.22,0.24,0.53,0.19,0.03
2702,0.22,0.24,0.52,0.16,0.02
2703,0.22,0.24,0.52,0.15,0.02
2704,0.22,0.24,0.52,0.15,0.02
2705,0.22,0.24,0.52,0.14,0.02
2706,0.22,0.24,0.51,0.14,0.02
2707,0.22,0.25,0.51,0.13,0.02
2708,0.22,0.25,0.52,0.13,0.02
2709,0.22,0.25,0.52,0.13,0.02
2710,0.22,0.25,0.52,0.12,0.02
2711,0.22,0.25,0.52,0.12,0.03
2712,0.22,0.25,0.52,0.12,0.02
2713,0.22,0.25,0.52,0.12,0.02
2714,0.22,0.25,0.52,0.12,0.02
2715,0.22,0.25,0.52,0.12,0.02
2716,0.22,0.25,0.52,0.12,0.02
2717,0.22,0.25,0.52,0.11,0.02
2718,0.22,0.25,0.52,0.11,0.02
2719,0.22,0.25,0.51,0.11,0.02
2720,0.22,0.25,0.52,0.11,0.02
2721,0.22,0.35,0.51,0.1,0.02
2722,0.23,0.4,0.52,0.1,0.02
2723,0.22,0.43,0.52,0.1,0.02
2724,0.23,0.46,0.52,0.1,0.02
2725,0.23,0.47,0.52,0.1,0.02
2726,0.23,0.48,0.52,0.1,0.02
2727,0.23,0.48,0.52,0.1,0.02
2728,0.23,0.47,0.52,0.1,0.02
2729,0.23,0.46,0.52,0.1,0.02
2730,0.23,0.43,0.52,0.1,0.02
2731,0.23,0.42,0.52,0.1,0.02
2732,0.26,0.4,0.52,0.12,0.03
2733,0.23,0.37,0.52,0.11,0.02
2734,0.23,0.37,0.52,0.11,0.02
2735,0.23,0.4,0.52,0.11,0.02
2736,0.23,0.39,0.52,0.12,0.02
2737,0.23,0.4,0.52,0.16,0.02
2738,0.23,0.39,0.52,0.17,0.02
2739,0.23,0.34,0.51,0.16,0.02
2740,0.23,0.33,0.51,0.16,0.02
2741,0.23,0.34,0.51,0.15,0.02
2742,0.23,0.36,0.53,0.18,0.03
2743,0.23,0.35,0.51,0.14,0.02
2744,0.23,0.34,0.51,0.13,0.02
2745,0.23,0.32,0.52,0.13,0.02
2746,0.22,0.3,0.52,0.13,0.02
2747,0.22,0.32,0.52,0.13,0.02
2748,0.22,0.34,0.52,0.13,0.02
2749,0.22,0.35,0.51,0.12,0.02
2750,0.22,0.38,0.51,0.12,0.02
2751,0.22,0.4,0.52,0.12,0.02
2752,0.22,0.45,0.52,0.12,0.02
2753,0.22,0.49,0.52,0.12,0.02
2754,0.22,0.5,0.52,0.12,0.02
2755,0.22,0.51,0.52,0.12,0.02
2756,0.22,0.51,0.52,0.11,0.02
2757,0.22,0.52,0.52,0.11,0.02
2758,0.22,0.52,0.52,0.11,0.02
2759,0.22,0.52,0.52,0.11,0.02
2760,0.22,0.52,0.52,0.11,0.02
2761,0.22,0.52,0.52,0.11,0.02
2762,0.22,0.52,0.52,0.11,0.02
2763,0.25,0.52,0.52,0.12,0.03
2764,0.22,0.52,0.52,0.1,0.02
2765,0.22,0.52,0.52,0.1,0.02
2766,0.22,0.52,0.52,0.11,0.02
2767,0.22,0.52,0.51,0.11,0.02
2768,0.22,0.52,0.52,0.1,0.02
2769,0.22,0.52,0.52,0.11,0.02
2770,0.22,0.52,0.52,0.1,0.02
2771,0.22,0.52,0.51,0.1,0.03
2772,0.22,0.53,0.51,0.11,0.02
2773,0.22,0.53,0.52,0.13,0.03
2774,0.22,0.51,0.51,0.11,0.02
2775,0.22,0.51,0.51,0.11,0.02
2776,0.22,0.49,0.51,0.12,0.02
2777,0.22,0.49,0.51,0.13,0.02
2778,0.22,0.48,0.51,0.14,0.02
2779,0.22,0.46,0.51,0.15,0.02
2780,0.22,0.44,0.5,0.17,0.02
2781,0.22,0.44,0.5,0.17,0.02
2782,0.22,0.43,0.51,0.16,0.02
2783,0.22,0.43,0.5,0.19,0.03
2784,0.22,0.43,0.5,0.15,0.02
2785,0.22,0.42,0.5,0.14,0.02
2786,0.22,0.41,0.5,0.13,0.02
2787,0.22,0.39,0.51,0.13,0.02
2788,0.22,0.38,0.5,0.13,0.02
2789,0.21,0.38,0.51,0.13,0.02
2790,0.22,0.37,0.5,0.12,0.02
2791,0.22,0.36,0.5,0.12,0.02
2792,0.22,0.34,0.5,0.12,0.02
2793,0.22,0.28,0.5,0.12,0.02
2794,0.22,0.33,0.51,0.11,0.02
2795,0.21,0.32,0.51,0.11,0.02
2796,0.22,0.31,0.51,0.11,0.02
2797,0.21,0.32,0.51,0.11,0.02
2798,0.21,0.31,0.51,0.1,0.02
2799,0.21,0.3,0.51,0.11,0.02
2800,0.22,0.27,0.51,0.1,0.02
2801,0.21,0.27,0.51,0.1,0.02
2802,0.22,0.28,0.51,0.1,0.02
2803,0.22,0.29,0.51,0.1,0.02
2804,0.24,0.29,0.51,0.12,0.03
2805,0.21,0.27,0.51,0.1,0.02
2806,0.21,0.27,0.51,0.1,0.02
2807,0.21,0.27,0.51,0.1,0.02
2808,0.21,0.27,0.51,0.1,0.02
2809,0.21,0.27,0.51,0.1,0.02
2810,0.21,0.27,0.51,0.1,0.02
2811,0.21,0.27,0.51,0.1,0.02
2812,0.21,0.27,0.51,0.1,0.02
2813,0.21,0.27,0.53,0.11,0.02
2814,0.21,0.27,0.55,0.14,0.03
2815,0.21,0.27,0.54,0.11,0.02
2816,0.21,0.27,0.54,0.11,0.02
2817,0.21,0.27,0.54,0.11,0.02
2818,0.21,0.27,0.54,0.11,0.02
2819,0.21,0.27,0.54,0.14,0.02
2820,0.2,0.27,0.53,0.17,0.02
2821,0.2,0.27,0.53,0.17,0.02
2822,0.21,0.27,0.53,0.17,0.02
2823,0.21,0.27,0.53,0.17,0.02
2824,0.2,0.27,0.53,0.16,0.02
2825,0.2,0.27,0.53,0.16,0.02
2826,0.2,0.27,0.53,0.15,0.02
2827,0.2,0.27,0.53,0.14,0.02
2828,0.2,0.26,0.53,0.14,0.02
2829,0.2,0.26,0.53,0.13,0.02
2830,0.2,0.27,0.53,0.13,0.02
2831,0.2,0.26,0.53,0.13,0.02
2832,0.2,0.27,0.53,0.13,0.02
2833,0.2,0.26,0.53,0.13,0.02
2834,0.2,0.27,0.53,0.12,0.02
2835,0.22,0.28,0.53,0.13,0.03
2836,0.2,0.26,0.53,0.12,0.02
2837,0.2,0.27,0.53,0.12,0.02
2838,0.2,0.27,0.52,0.12,0.02
2839,0.2,0.26,0.52,0.12,0.02
2840,0.2,0.26,0.52,0.11,0.02
2841,0.2,0.26,0.52,0.11,0.02
2842,0.2,0.27,0.52,0.11,0.02
2843,0.2,0.27,0.52,0.1,0.02
2844,0.2,0.26,0.52,0.1,0.02
2845,0.24,0.29,0.52,0.12,0.03
2846,0.2,0.26,0.52,0.1,0.02
2847,0.2,0.26,0.52,0.11,0.02
2848,0.2,0.26,0.52,0.11,0.02
2849,0.2,0.26,0.52,0.1,0.02
2850,0.2,0.26,0.52,0.1,0.02
2851,0.2,0.26,0.52,0.1,0.02
2852,0.2,0.27,0.51,0.1,0.02
2853,0.2,0.27,0.51,0.1,0.02
2854,0.2,0.26,0.52,0.1,0.02
2855,0.2,0.27,0.53,0.13,0.03
2856,0.2,0.26,0.52,0.11,0.02
2857,0.2,0.26,0.52,0.11,0.02
2858,0.2,0.26,0.52,0.11,0.02
2859,0.2,0.26,0.52,0.11,0.02
2860,0.2,0.26,0.52,0.11,0.02
2861,0.2,0.26,0.52,0.11,0.02
2862,0.19,0.27,0.52,0.12,0.02
2863,0.19,0.27,0.51,0.13,0.02
2864,0.19,0.26,0.51,0.14,0.02
2865,0.19,0.26,0.52,0.17,0.02
2866,0.19,0.26,0.52,0.17,0.02
2867,0.19,0.26,0.52,0.17,0.02
2868,0.19,0.26,0.52,0.16,0.02
2869,0.19,0.27,0.52,0.16,0.02
2870,0.19,0.26,0.52,0.15,0.02
2871,0.19,0.27,0.52,0.15,0.02
2872,0.19,0.27,0.52,0.14,0.02
2873,0.19,0.27,0.52,0.13,0.02
2874,0.19,0.38,0.52,0.13,0.02
2875,0.19,0.4,0.52,0.13,0.02
2876,0.22,0.42,0.52,0.14,0.03
2877,0.19,0.41,0.52,0.12,0.02
2878,0.19,0.42,0.52,0.12,0.02
2879,0.19,0.44,0.52,0.12,0.02
2880,0.19,0.43,0.52,0.12,0.02
2881,0.19,0.43,0.52,0.11,0.02
2882,0.19,0.42,0.52,0.11,0.02
2883,0.19,0.43,0.52,0.11,0.02
2884,0.19,0.43,0.52,0.11,0.02
2885,0.19,0.28,0.52,0.11,0.02
2886,0.19,0.31,0.52,0.13,0.03
2887,0.19,0.35,0.52,0.11,0.02
2888,0.19,0.35,0.52,0.11,0.02
2889,0.19,0.37,0.52,0.11,0.02
2890,0.19,0.36,0.52,0.11,0.02
2891,0.19,0.37,0.52,0.11,0.02
2892,0.19,0.37,0.52,0.1,0.02
2893,0.19,0.28,0.52,0.1,0.02
2894,0.19,0.28,0.52,0.1,0.02
2895,0.19,0.28,0.52,0.1,0.02
2896,0.19,0.28,0.52,0.1,0.03
2897,0.19,0.28,0.52,0.1,0.02
2898,0.19,0.28,0.52,0.1,0.02
2899,0.19,0.28,0.52,0.1,0.02
2900,0.19,0.28,0.52,0.11,0.02
2901,0.19,0.28,0.52,0.13,0.02
2902,0.19,0.28,0.52,0.14,0.02
2903,0.19,0.28,0.52,0.14,0.02
2904,0.19,0.28,0.52,0.15,0.02
2905,0.19,0.28,0.52,0.15,0.02
2906,0.19,0.28,0.52,0.17,0.02
2907,0.19,0.28,0.52,0.16,0.02
2908,0.19,0.27,0.52,0.16,0.02
2909,0.19,0.34,0.52,0.16,0.02
2910,0.19,0.32,0.52,0.15,0.02
2911,0.19,0.46,0.52,0.14,0.02
2912,0.19,0.53,0.52,0.14,0.02
2913,0.19,0.55,0.52,0.13,0.02
2914,0.19,0.57,0.52,0.13,0.02
2915,0.19,0.56,0.52,0.13,0.02
2916,0.19,0.59,0.52,0.13,0.02
2917,0.22,0.6,0.52,0.14,0.03
2918,0.19,0.58,0.52,0.12,0.02
2919,0.19,0.58,0.52,0.12,0.02
2920,0.19,0.38,0.52,0.11,0.02
2921,0.19,0.4,0.52,0.11,0.02
2922,0.19,0.43,0.52,0.11,0.02
2923,0.19,0.29,0.52,0.11,0.02
2924,0.19,0.29,0.52,0.1,0.02
2925,0.19,0.3,0.52,0.11,0.02
2926,0.19,0.29,0.51,0.1,0.02
2927,0.19,0.28,0.53,0.14,0.03
2928,0.19,0.52,0.52,0.1,0.02
2929,0.19,0.52,0.52,0.11,0.02
2930,0.19,0.57,0.52,0.11,0.02
2931,0.19,0.59,0.52,0.1,0.02
2932,0.19,0.6,0.52,0.1,0.02
2933,0.19,0.59,0.52,0.1,0.02
2934,0.19,0.6,0.52,0.1,0.02
2935,0.19,0.61,0.52,0.11,0.02
2936,0.19,0.61,0.52,0.11,0.02
2937,0.19,0.59,0.52,0.11,0.02
2938,0.19,0.58,0.52,0.11,0.02
2939,0.19,0.59,0.52,0.12,0.02
2940,0.19,0.62,0.52,0.13,0.02
2941,0.19,0.63,0.52,0.14,0.03
2942,0.19,0.61,0.52,0.17,0.02
2943,0.19,0.61,0.52,0.17,0.03
2944,0.19,0.61,0.51,0.17,0.02
2945,0.19,0.56,0.52,0.16,0.03
2946,0.19,0.6,0.52,0.16,0.03
2947,0.19,0.64,0.52,0.15,0.03
2948,0.21,0.63,0.52,0.16,0.03
2949,0.19,0.62,0.52,0.14,0.03
2950,0.19,0.62,0.52,0.13,0.02
2951,0.19,0.6,0.52,0.13,0.02
2952,0.19,0.62,0.52,0.13,0.03
2953,0.19,0.61,0.52,0.12,0.03
2954,0.19,0.59,0.52,0.12,0.02
2955,0.19,0.58,0.52,0.12,0.03
2956,0.19,0.6,0.52,0.12,0.03
2957,0.19,0.6,0.52,0.11,0.02
2958,0.24,0.61,0.52,0.12,0.04
2959,0.19,0.64,0.52,0.1,0.02
2960,0.19,0.63,0.52,0.1,0.02
2961,0.19,0.63,0.52,0.1,0.02
2962,0.19,0.64,0.52,0.11,0.03
2963,0.19,0.63,0.52,0.11,0.02
2964,0.19,0.63,0.52,0.1,0.02
2965,0.19,0.62,0.52,0.1,0.02
2966,0.19,0.62,0.52,0.1,0.02
2967,0.19,0.63,0.52,0.1,0.02
2968,0.19,0.62,0.53,0.14,0.03
2969,0.19,0.63,0.52,0.11,0.02
2970,0.19,0.63,0.52,0.1,0.02
2971,0.19,0.61,0.52,0.1,0.02
2972,0.19,0.62,0.52,0.1,0.02
2973,0.19,0.62,0.52,0.1,0.02
2974,0.19,0.62,0.52,0.1,0.02
2975,0.19,0.61,0.52,0.1,0.02
2976,0.19,0.59,0.52,0.1,0.02
2977,0.19,0.6,0.52,0.1,0.03
2978,0.19,0.6,0.52,0.1,0.02
2979,0.19,0.55,0.52,0.11,0.02
2980,0.19,0.58,0.52,0.11,0.02
2981,0.19,0.59,0.52,0.11,0.03
2982,0.19,0.59,0.52,0.11,0.03
2983,0.19,0.59,0.52,0.12,0.02
2984,0.19,0.6,0.52,0.14,0.02
2985,0.19,0.54,0.52,0.15,0.02
2986,0.19,0.55,0.52,0.17,0.02
2987,0.19,0.58,0.52,0.17,0.02
2988,0.19,0.58,0.52,0.17,0.02
2989,0.24,0.59,0.52,0.19,0.03
2990,0.19,0.59,0.52,0.16,0.02
2991,0.19,0.59,0.52,0.15,0.03
2992,0.19,0.59,0.52,0.14,0.02
2993,0.19,0.59,0.52,0.14,0.03
2994,0.19,0.54,0.52,0.13,0.02
2995,0.19,0.54,0.52,0.13,0.02
2996,0.19,0.56,0.52,0.13,0.02
2997,0.19,0.55,0.52,0.13,0.02
2998,0.19,0.56,0.52,0.13,0.03
2999,0.19,0.55,0.52,0.12,0.02
3000,0.19,0.56,0.52,0.12,0.03
3001,0.19,0.54,0.52,0.12,0.02
3002,0.18,0.53,0.52,0.11,0.03
3003,0.19,0.54,0.52,0.11,0.02
3004,0.19,0.53,0.52,0.11,0.03
3005,0.19,0.53,0.52,0.1,0.02
3006,0.19,0.52,0.52,0.1,0.02
3007,0.19,0.52,0.52,0.1,0.02
3008,0.19,0.52,0.52,0.1,0.02
3009,0.19,0.5,0.52,0.1,0.02
3010,0.23,0.54,0.52,0.12,0.03
3011,0.19,0.53,0.52,0.1,0.02
3012,0.19,0.52,0.52,0.1,0.02
3013,0.19,0.48,0.52,0.1,0.02
3014,0.19,0.48,0.52,0.1,0.02
3015,0.19,0.47,0.52,0.1,0.02
3016,0.19,0.34,0.52,0.1,0.02
3017,0.19,0.29,0.52,0.1,0.02
3018,0.19,0.26,0.52,0.1,0.02
3019,0.19,0.24,0.52,0.1,0.02
3020,0.19,0.24,0.52,0.1,0.03
3021,0.19,0.25,0.52,0.1,0.02
3022,0.19,0.25,0.52,0.1,0.02
3023,0.19,0.26,0.52,0.11,0.02
3024,0.19,0.26,0.52,0.13,0.02
3025,0.19,0.26,0.52,0.14,0.02
3026,0.19,0.26,0.52,0.14,0.02
3027,0.19,0.25,0.52,0.14,0.02
3028,0.19,0.25,0.52,0.13,0.02
3029,0.19,0.25,0.52,0.13,0.02
3030,0.19,0.25,0.52,0.13,0.02
3031,0.22,0.27,0.52,0.14,0.03
3032,0.19,0.25,0.52,0.13,0.02
3033,0.19,0.25,0.52,0.13,0.02
3034,0.19,0.25,0.51,0.13,0.02
3035,0.19,0.25,0.52,0.13,0.02
3036,0.19,0.26,0.52,0.12,0.02
3037,0.19,0.26,0.51,0.12,0.02
3038,0.19,0.25,0.52,0.12,0.02
3039,0.19,0.26,0.52,0.11,0.02
3040,0.19,0.25,0.52,0.11,0.02
3041,0.19,0.25,0.52,0.15,0.03
3042,0.19,0.25,0.52,0.1,0.02
3043,0.19,0.25,0.52,0.1,0.02
3044,0.19,0.26,0.52,0.1,0.02
3045,0.19,0.27,0.52,0.1,0.02
3046,0.19,0.27,0.52,0.1,0.02
3047,0.19,0.28,0.52,0.1,0.02
3048,0.19,0.28,0.52,0.1,0.02
3049,0.19,0.3,0.52,0.1,0.02
3050,0.19,0.32,0.52,0.1,0.02
3051,0.19,0.31,0.52,0.1,0.02
3052,0.23,0.33,0.52,0.12,0.03
3053,0.19,0.31,0.52,0.1,0.02
3054,0.19,0.31,0.52,0.1,0.02
3055,0.19,0.32,0.52,0.1,0.02
3056,0.19,0.33,0.52,0.1,0.02
3057,0.19,0.34,0.52,0.1,0.02
3058,0.18,0.34,0.51,0.1,0.02
3059,0.18,0.35,0.52,0.1,0.02
3060,0.18,0.37,0.51,0.1,0.02
3061,0.18,0.38,0.52,0.1,0.02
3062,0.18,0.38,0.51,0.1,0.02
3063,0.18,0.37,0.51,0.1,0.02
3064,0.18,0.33,0.51,0.1,0.02
3065,0.18,0.3,0.51,0.1,0.02
3066,0.18,0.3,0.51,0.1,0.02
3067,0.18,0.29,0.51,0.12,0.02
3068,0.18,0.28,0.51,0.13,0.02
3069,0.18,0.28,0.51,0.13,0.02
3070,0.18,0.28,0.51,0.13,0.02
3071,0.18,0.28,0.51,0.13,0.02
3072,0.18,0.28,0.51,0.13,0.02
3073,0.21,0.29,0.51,0.14,0.02
3074,0.18,0.28,0.51,0.13,0.02
3075,0.18,0.27,0.51,0.12,0.02
3076,0.18,0.27,0.51,0.12,0.02
3077,0.18,0.26,0.51,0.13,0.02
3078,0.19,0.25,0.51,0.12,0.02
3079,0.19,0.25,0.51,0.12,0.02
3080,0.19,0.25,0.51,0.12,0.02
3081,0.19,0.25,0.51,0.12,0.02
3082,0.19,0.25,0.51,0.12,0.01
3083,0.19,0.25,0.51,0.15,0.02
3084,0.19,0.25,0.51,0.11,0.02
3085,0.19,0.25,0.51,0.1,0.02
3086,0.19,0.23,0.51,0.1,0.02
3087,0.19,0.24,0.51,0.1,0.02
3088,0.19,0.24,0.51,0.09,0.02
3089,0.18,0.24,0.51,0.09,0.02
3090,0.18,0.24,0.51,0.1,0.02
3091,0.18,0.24,0.51,0.09,0.02
3092,0.18,0.24,0.51,0.1,0.02
3093,0.18,0.24,0.51,0.09,0.02
3094,0.2,0.25,0.51,0.1,0.02
3095,0.18,0.24,0.51,0.09,0.02
3096,0.18,0.27,0.51,0.09,0.02
3097,0.18,0.37,0.52,0.09,0.02
3098,0.18,0.45,0.52,0.09,0.02
3099,0.18,0.47,0.52,0.09,0.02
3100,0.18,0.45,0.52,0.09,0.02
3101,0.18,0.42,0.52,0.09,0.02
3102,0.18,0.28,0.52,0.1,0.02
3103,0.18,0.28,0.52,0.09,0.02
3104,0.18,0.26,0.52,0.12,0.02
3105,0.18,0.25,0.52,0.09,0.02
3106,0.18,0.25,0.52,0.1,0.02
3107,0.18,0.25,0.52,0.1,0.02
3108,0.18,0.25,0.52,0.1,0.02
3109,0.18,0.25,0.52,0.1,0.02
3110,0.18,0.25,0.52,0.1,0.02
3111,0.18,0.26,0.52,0.1,0.02
3112,0.18,0.26,0.52,0.1,0.02
3113,0.18,0.25,0.52,0.13,0.02
3114,0.18,0.25,0.52,0.13,0.02
3115,0.2,0.27,0.52,0.15,0.02
3116,0.18,0.26,0.52,0.14,0.02
3117,0.18,0.26,0.52,0.15,0.02
3118,0.18,0.31,0.52,0.15,0.02
3119,0.18,0.37,0.52,0.14,0.02
3120,0.18,0.37,0.52,0.14,0.02
3121,0.18,0.29,0.52,0.13,0.02
3122,0.18,0.3,0.52,0.13,0.02
3123,0.18,0.3,0.52,0.12,0.01
3124,0.18,0.31,0.52,0.12,0.02
3125,0.18,0.31,0.52,0.15,0.02
3126,0.18,0.29,0.52,0.12,0.02
3127,0.18,0.3,0.52,0.12,0.02
3128,0.18,0.31,0.52,0.11,0.02
3129,0.18,0.29,0.52,0.11,0.02
3130,0.18,0.29,0.52,0.11,0.02
3131,0.18,0.31,0.52,0.1,0.02
3132,0.18,0.36,0.52,0.1,0.02
3133,0.18,0.28,0.52,0.1,0.02
3134,0.18,0.27,0.52,0.09,0.02
3135,0.18,0.34,0.52,0.09,0.02
3136,0.2,0.39,0.52,0.1,0.02
3137,0.18,0.41,0.52,0.09,0.02
3138,0.18,0.41,0.52,0.09,0.02
3139,0.18,0.38,0.52,0.09,0.02
3140,0.18,0.37,0.52,0.09,0.02
3141,0.18,0.37,0.52,0.09,0.02
3142,0.18,0.37,0.52,0.09,0.02
3143,0.18,0.38,0.52,0.09,0.02
3144,0.18,0.37,0.52,0.09,0.02
3145,0.18,0.37,0.52,0.09,0.02
3146,0.18,0.37,0.52,0.11,0.02
3147,0.18,0.37,0.52,0.09,0.02
3148,0.18,0.25,0.52,0.09,0.02
3149,0.18,0.25,0.52,0.09,0.02
3150,0.17,0.25,0.52,0.09,0.02
3151,0.17,0.25,0.52,0.1,0.02
3152,0.17,0.25,0.52,0.09,0.02
3153,0.17,0.25,0.52,0.09,0.02
3154,0.17,0.25,0.52,0.09,0.02
3155,0.17,0.25,0.52,0.09,0.02
3156,0.17,0.25,0.52,0.09,0.02
3157,0.17,0.25,0.52,0.09,0.02
3158,0.17,0.25,0.54,0.1,0.02
3159,0.17,0.24,0.54,0.11,0.02
3160,0.17,0.24,0.54,0.12,0.02
3161,0.17,0.29,0.54,0.13,0.02
3162,0.17,0.28,0.54,0.13,0.02
3163,0.17,0.25,0.54,0.13,0.02
3164,0.18,0.25,0.54,0.13,0.02
3165,0.18,0.25,0.54,0.13,0.02
3166,0.18,0.25,0.54,0.13,0.02
3167,0.18,0.25,0.54,0.16,0.03
3168,0.18,0.25,0.53,0.15,0.02
3169,0.18,0.25,0.53,0.14,0.02
3170,0.18,0.25,0.53,0.13,0.02
3171,0.18,0.25,0.53,0.12,0.02
3172,0.18,0.25,0.53,0.12,0.02
3173,0.18,0.25,0.53,0.11,0.02
3174,0.18,0.25,0.53,0.11,0.02
3175,0.18,0.24,0.53,0.11,0.02
3176,0.18,0.24,0.53,0.11,0.02
3177,0.18,0.24,0.53,0.1,0.02
3178,0.19,0.27,0.52,0.11,0.03
3179,0.18,0.28,0.53,0.09,0.02
3180,0.18,0.28,0.53,0.09,0.02
3181,0.18,0.3,0.52,0.09,0.02
3182,0.18,0.31,0.52,0.09,0.02
3183,0.17,0.31,0.52,0.09,0.02
3184,0.18,0.32,0.52,0.09,0.02
3185,0.18,0.34,0.52,0.09,0.02
3186,0.17,0.33,0.51,0.09,0.02
3187,0.18,0.33,0.51,0.09,0.02
3188,0.18,0.33,0.52,0.11,0.02
3189,0.17,0.34,0.51,0.09,0.02
3190,0.17,0.34,0.51,0.09,0.02
3191,0.17,0.35,0.51,0.08,0.02
3192,0.17,0.34,0.51,0.09,0.02
3193,0.17,0.34,0.5,0.09,0.02
3194,0.17,0.35,0.51,0.09,0.02
3195,0.17,0.34,0.51,0.09,0.02
3196,0.17,0.35,0.51,0.09,0.02
3197,0.18,0.35,0.5,0.08,0.02
3198,0.18,0.35,0.5,0.08,0.02
3199,0.18,0.36,0.5,0.09,0.02
3200,0.18,0.35,0.5,0.09,0.02
3201,0.18,0.36,0.5,0.09,0.02
3202,0.18,0.39,0.5,0.09,0.02
3203,0.18,0.38,0.5,0.09,0.02
3204,0.18,0.35,0.5,0.09,0.02
3205,0.18,0.35,0.5,0.1,0.02
3206,0.18,0.35,0.5,0.12,0.02
3207,0.18,0.36,0.5,0.12,0.02
3208,0.18,0.34,0.5,0.12,0.02
3209,0.17,0.38,0.5,0.14,0.02
3210,0.18,0.36,0.5,0.12,0.02
3211,0.18,0.35,0.5,0.12,0.02
3212,0.18,0.35,0.5,0.12,0.02
3213,0.18,0.33,0.5,0.13,0.02
3214,0.18,0.33,0.49,0.12,0.02
3215,0.18,0.34,0.49,0.12,0.02
3216,0.18,0.35,0.49,0.12,0.02
3217,0.18,0.35,0.49,0.11,0.02
3218,0.18,0.37,0.49,0.11,0.02
3219,0.18,0.36,0.49,0.11,0.02
3220,0.18,0.37,0.49,0.11,0.02
3221,0.18,0.36,0.49,0.11,0.02
3222,0.18,0.37,0.49,0.11,0.02
3223,0.18,0.37,0.49,0.1,0.02
3224,0.18,0.36,0.49,0.1,0.02
3225,0.18,0.38,0.49,0.1,0.02
3226,0.18,0.36,0.49,0.09,0.02
3227,0.18,0.37,0.49,0.09,0.02
3228,0.18,0.36,0.48,0.1,0.02
3229,0.18,0.37,0.49,0.09,0.02
3230,0.18,0.35,0.49,0.11,0.02
3231,0.18,0.37,0.48,0.09,0.02
3232,0.18,0.38,0.48,0.09,0.02
3233,0.18,0.37,0.48,0.09,0.02
3234,0.18,0.36,0.48,0.09,0.02
3235,0.18,0.35,0.48,0.08,0.02
3236,0.18,0.29,0.48,0.08,0.02
3237,0.18,0.32,0.48,0.09,0.02
3238,0.17,0.32,0.48,0.09,0.02
3239,0.17,0.32,0.48,0.09,0.02
3240,0.18,0.31,0.47,0.09,0.02
3241,0.17,0.31,0.47,0.09,0.02
3242,0.17,0.31,0.47,0.09,0.02
3243,0.17,0.31,0.47,0.09,0.02
3244,0.17,0.31,0.47,0.09,0.02
3245,0.17,0.32,0.47,0.09,0.02
3246,0.17,0.32,0.47,0.09,0.02
3247,0.17,0.32,0.47,0.09,0.02
3248,0.17,0.32,0.47,0.1,0.02
3249,0.17,0.33,0.46,0.09,0.02
3250,0.17,0.33,0.46,0.09,0.02
3251,0.17,0.36,0.47,0.11,0.03
3252,0.18,0.35,0.46,0.1,0.02
3253,0.17,0.37,0.46,0.1,0.02
3254,0.17,0.38,0.46,0.1,0.02
3255,0.18,0.38,0.46,0.12,0.02
3256,0.18,0.37,0.46,0.13,0.02
3257,0.17,0.38,0.47,0.13,0.02
3258,0.18,0.38,0.47,0.13,0.02
3259,0.18,0.38,0.48,0.13,0.02
3260,0.18,0.38,0.47,0.13,0.02
3261,0.18,0.39,0.47,0.13,0.02
3262,0.17,0.39,0.48,0.13,0.02
3263,0.17,0.39,0.47,0.12,0.02
3264,0.18,0.39,0.47,0.12,0.02
3265,0.18,0.4,0.47,0.12,0.02
3266,0.17,0.41,0.47,0.12,0.02
3267,0.17,0.41,0.47,0.12,0.02
3268,0.17,0.4,0.47,0.11,0.02
3269,0.18,0.53,0.47,0.11,0.02
3270,0.17,0.52,0.47,0.11,0.02
3271,0.17,0.54,0.48,0.12,0.02
3272,0.21,0.53,0.48,0.13,0.03
3273,0.17,0.54,0.47,0.11,0.02
3274,0.18,0.54,0.47,0.11,0.02
3275,0.18,0.53,0.47,0.1,0.02
3276,0.17,0.51,0.48,0.1,0.02
3277,0.17,0.42,0.47,0.09,0.02
3278,0.17,0.4,0.47,0.09,0.02
3279,0.17,0.38,0.47,0.09,0.02
3280,0.17,0.39,0.47,0.1,0.02
3281,0.17,0.41,0.47,0.1,0.02
3282,0.17,0.45,0.47,0.09,0.02
3283,0.17,0.44,0.47,0.09,0.02
3284,0.17,0.39,0.47,0.09,0.02
3285,0.17,0.4,0.47,0.09,0.02
3286,0.18,0.38,0.47,0.09,0.02
3287,0.18,0.35,0.47,0.09,0.02
3288,0.18,0.31,0.47,0.09,0.02
3289,0.18,0.3,0.47,0.08,0.02
3290,0.18,0.3,0.47,0.09,0.02
3291,0.18,0.3,0.47,0.09,0.02
3292,0.18,0.3,0.47,0.09,0.02
3293,0.18,0.33,0.47,0.11,0.02
3294,0.18,0.5,0.47,0.09,0.02
3295,0.18,0.52,0.48,0.09,0.02
3296,0.18,0.54,0.47,0.1,0.02
3297,0.18,0.55,0.47,0.12,0.02
3298,0.18,0.53,0.47,0.13,0.02
3299,0.18,0.5,0.47,0.13,0.02
3300,0.18,0.44,0.47,0.13,0.02
3301,0.18,0.43,0.47,0.12,0.02
3302,0.18,0.43,0.47,0.12,0.02
3303,0.18,0.43,0.47,0.12,0.02
3304,0.18,0.44,0.47,0.12,0.02
3305,0.18,0.42,0.47,0.12,0.02
3306,0.18,0.52,0.47,0.12,0.02
3307,0.18,0.54,0.47,0.12,0.02
3308,0.18,0.55,0.47,0.11,0.02
3309,0.18,0.55,0.47,0.11,0.02
3310,0.17,0.48,0.47,0.11,0.02
3311,0.17,0.41,0.47,0.11,0.02
3312,0.17,0.32,0.47,0.1,0.02
3313,0.17,0.32,0.47,0.1,0.02
3314,0.21,0.33,0.47,0.12,0.02
3315,0.17,0.31,0.47,0.1,0.02
3316,0.17,0.31,0.47,0.1,0.02
3317,0.17,0.31,0.47,0.1,0.02
3318,0.17,0.31,0.47,0.09,0.02
3319,0.17,0.31,0.47,0.09,0.02
3320,0.17,0.31,0.47,0.09,0.02
3321,0.17,0.31,0.47,0.09,0.02
3322,0.18,0.31,0.47,0.09,0.02
3323,0.18,0.31,0.47,0.09,0.02
3324,0.18,0.31,0.47,0.09,0.02
3325,0.18,0.3,0.46,0.09,0.02
3326,0.18,0.3,0.46,0.09,0.02
3327,0.18,0.31,0.47,0.09,0.02
3328,0.18,0.3,0.46,0.09,0.02
3329,0.17,0.31,0.47,0.09,0.02
3330,0.17,0.3,0.47,0.09,0.02
3331,0.17,0.3,0.46,0.09,0.02
3332,0.18,0.3,0.47,0.09,0.02
3333,0.18,0.3,0.46,0.1,0.02
3334,0.18,0.31,0.46,0.1,0.02
3335,0.2,0.32,0.46,0.11,0.02
3336,0.17,0.3,0.46,0.1,0.02
3337,0.17,0.31,0.46,0.1,0.02
3338,0.17,0.31,0.46,0.11,0.02
3339,0.17,0.31,0.46,0.12,0.02
3340,0.17,0.31,0.46,0.12,0.02
3341,0.17,0.3,0.46,0.12,0.02
3342,0.17,0.3,0.46,0.12,0.02
3343,0.17,0.3,0.46,0.12,0.02
3344,0.17,0.3,0.46,0.11,0.02
3345,0.17,0.3,0.46,0.11,0.02
3346,0.17,0.3,0.46,0.11,0.02
3347,0.17,0.3,0.46,0.12,0.02
3348,0.17,0.3,0.46,0.11,0.02
3349,0.17,0.3,0.46,0.11,0.02
3350,0.18,0.3,0.46,0.11,0.02
3351,0.18,0.3,0.46,0.11,0.02
3352,0.18,0.3,0.46,0.11,0.02
3353,0.18,0.3,0.46,0.1,0.02
3354,0.18,0.3,0.46,0.1,0.02
3355,0.18,0.31,0.46,0.1,0.01
3356,0.18,0.33,0.46,0.12,0.02
3357,0.18,0.31,0.46,0.1,0.02
3358,0.18,0.31,0.46,0.09,0.02
3359,0.18,0.3,0.46,0.09,0.02
3360,0.18,0.3,0.46,0.09,0.02
3361,0.18,0.3,0.46,0.09,0.02
3362,0.18,0.31,0.46,0.09,0.02
3363,0.18,0.31,0.46,0.09,0.02
3364,0.18,0.31,0.46,0.09,0.02
3365,0.18,0.31,0.46,0.09,0.02
3366,0.18,0.45,0.46,0.09,0.02
3367,0.2,0.53,0.46,0.1,0.03
3368,0.18,0.56,0.46,0.1,0.02
3369,0.18,0.55,0.46,0.09,0.02
3370,0.18,0.55,0.46,0.09,0.02
3371,0.18,0.56,0.46,0.09,0.02
3372,0.18,0.56,0.46,0.09,0.02
3373,0.18,0.61,0.46,0.1,0.02
3374,0.18,0.59,0.46,0.1,0.02
3375,0.18,0.59,0.46,0.11,0.02
3376,0.18,0.58,0.46,0.12,0.02
3377,0.18,0.56,0.46,0.12,0.03
3378,0.18,0.57,0.46,0.13,0.02
3379,0.18,0.57,0.46,0.12,0.02
3380,0.18,0.54,0.46,0.12,0.02
3381,0.18,0.52,0.46,0.12,0.02
3382,0.18,0.55,0.46,0.12,0.02
3383,0.18,0.55,0.46,0.12,0.02
3384,0.18,0.54,0.46,0.12,0.02
3385,0.17,0.48,0.46,0.12,0.02
3386,0.17,0.47,0.45,0.12,0.02
3387,0.18,0.45,0.45,0.12,0.02
3388,0.17,0.37,0.46,0.13,0.02
3389,0.17,0.33,0.45,0.11,0.02
3390,0.17,0.33,0.46,0.11,0.02
3391,0.18,0.33,0.46,0.11,0.02
3392,0.17,0.33,0.46,0.11,0.02
3393,0.17,0.33,0.46,0.11,0.02
3394,0.18,0.33,0.46,0.1,0.02
3395,0.18,0.33,0.46,0.1,0.02
3396,0.17,0.33,0.46,0.1,0.02
3397,0.17,0.33,0.46,0.09,0.02
3398,0.17,0.33,0.46,0.09,0.02
3399,0.19,0.5,0.46,0.1,0.02
3400,0.18,0.54,0.46,0.09,0.02
3401,0.18,0.61,0.46,0.09,0.02
3402,0.18,0.54,0.46,0.09,0.02
3403,0.18,0.58,0.46,0.09,0.02
3404,0.18,0.57,0.46,0.09,0.02
3405,0.18,0.58,0.46,0.09,0.02
3406,0.18,0.57,0.46,0.09,0.02
3407,0.18,0.57,0.46,0.09,0.02
3408,0.18,0.61,0.46,0.09,0.02
3409,0.18,0.6,0.46,0.09,0.02
3410,0.18,0.6,0.46,0.09,0.02
3411,0.18,0.62,0.47,0.09,0.02
3412,0.18,0.62,0.46,0.09,0.02
3413,0.18,0.61,0.46,0.09,0.02
3414,0.18,0.62,0.46,0.09,0.02
3415,0.18,0.62,0.46,0.09,0.02
3416,0.18,0.62,0.46,0.09,0.02
3417,0.18,0.6,0.47,0.09,0.02
3418,0.18,0.6,0.47,0.09,0.02
3419,0.18,0.58,0.47,0.09,0.02
3420,0.18,0.59,0.47,0.12,0.03
3421,0.18,0.58,0.47,0.09,0.02
3422,0.18,0.55,0.46,0.1,0.02
3423,0.18,0.55,0.46,0.09,0.02
3424,0.18,0.53,0.46,0.1,0.02
3425,0.18,0.5,0.46,0.13,0.02
3426,0.18,0.5,0.46,0.13,0.02
3427,0.18,0.43,0.46,0.13,0.02
3428,0.18,0.45,0.46,0.13,0.02
3429,0.18,0.42,0.46,0.13,0.02
3430,0.18,0.41,0.46,0.13,0.02
3431,0.21,0.37,0.46,0.14,0.02
3432,0.18,0.4,0.46,0.12,0.02
3433,0.18,0.45,0.46,0.12,0.02
3434,0.18,0.43,0.46,0.12,0.02
3435,0.18,0.4,0.46,0.12,0.02
3436,0.18,0.4,0.46,0.12,0.02
3437,0.18,0.39,0.46,0.11,0.02
3438,0.18,0.33,0.46,0.11,0.02
3439,0.18,0.33,0.46,0.11,0.02
3440,0.18,0.33,0.46,0.11,0.02
3441,0.18,0.33,0.46,0.11,0.02
3442,0.18,0.33,0.46,0.11,0.02
3443,0.18,0.33,0.46,0.11,0.02
3444,0.18,0.33,0.46,0.11,0.02
3445,0.18,0.33,0.46,0.1,0.02
3446,0.18,0.33,0.46,0.1,0.02
3447,0.2,0.34,0.47,0.12,0.03
3448,0.19,0.33,0.47,0.12,0.02
3449,0.19,0.33,0.47,0.11,0.02
3450,0.19,0.33,0.47,0.11,0.02
3451,0.19,0.33,0.47,0.11,0.03
3452,0.18,0.33,0.47,0.16,0.04
3453,0.18,0.33,0.47,0.11,0.02
3454,0.18,0.33,0.47,0.11,0.03
3455,0.18,0.33,0.47,0.11,0.03
3456,0.18,0.33,0.47,0.11,0.02
3457,0.18,0.33,0.47,0.11,0.02
3458,0.18,0.33,0.47,0.11,0.03
3459,0.18,0.33,0.47,0.11,0.02
3460,0.18,0.43,0.47,0.11,0.02
3461,0.18,0.44,0.47,0.11,0.02
3462,0.18,0.44,0.47,0.1,0.03
3463,0.24,0.42,0.47,0.13,0.04
3464,0.18,0.39,0.47,0.11,0.02
3465,0.18,0.38,0.47,0.11,0.02
3466,0.18,0.37,0.47,0.11,0.03
3467,0.18,0.38,0.47,0.11,0.03
3468,0.18,0.38,0.47,0.11,0.03
3469,0.18,0.37,0.47,0.11,0.03
3470,0.18,0.36,0.47,0.11,0.02
3471,0.18,0.32,0.47,0.11,0.02
3472,0.18,0.32,0.46,0.11,0.02
3473,0.18,0.32,0.47,0.13,0.02
3474,0.21,0.33,0.47,0.15,0.04
3475,0.18,0.32,0.47,0.14,0.02
3476,0.18,0.32,0.47,0.14,0.03
3477,0.18,0.32,0.47,0.14,0.02
3478,0.18,0.32,0.47,0.15,0.02
3479,0.18,0.31,0.47,0.15,0.02
3480,0.18,0.31,0.47,0.15,0.03
3481,0.18,0.31,0.47,0.15,0.03
3482,0.18,0.32,0.46,0.14,0.02
3483,0.18,0.32,0.47,0.14,0.02
3484,0.18,0.32,0.47,0.13,0.02
3485,0.18,0.32,0.47,0.13,0.02
3486,0.18,0.31,0.47,0.13,0.02
3487,0.18,0.32,0.47,0.13,0.03
3488,0.18,0.32,0.47,0.13,0.02
3489,0.18,0.32,0.47,0.13,0.02
3490,0.18,0.32,0.47,0.12,0.03
3491,0.18,0.34,0.47,0.12,0.02
3492,0.18,0.32,0.47,0.12,0.02
3493,0.18,0.31,0.47,0.12,0.02
3494,0.18,0.31,0.47,0.12,0.03
3495,0.18,0.31,0.49,0.16,0.04
3496,0.18,0.31,0.47,0.12,0.02
3497,0.18,0.31,0.47,0.12,0.02
3498,0.18,0.32,0.47,0.12,0.02
3499,0.18,0.32,0.47,0.12,0.02
3500,0.18,0.32,0.47,0.12,0.02
3501,0.18,0.32,0.47,0.12,0.02
3502,0.18,0.32,0.47,0.12,0.03
3503,0.18,0.32,0.47,0.11,0.03
3504,0.18,0.32,0.47,0.11,0.03
3505,0.18,0.32,0.47,0.11,0.02
3506,0.22,0.33,0.47,0.13,0.04
3507,0.19,0.32,0.47,0.11,0.03
3508,0.18,0.32,0.47,0.11,0.02
3509,0.18,0.32,0.47,0.11,0.03
3510,0.18,0.32,0.47,0.11,0.02
3511,0.18,0.32,0.47,0.11,0.02
3512,0.18,0.32,0.47,0.11,0.02
3513,0.18,0.32,0.47,0.11,0.02
3514,0.18,0.32,0.47,0.11,0.02
3515,0.18,0.32,0.47,0.11,0.03
3516,0.18,0.32,0.47,0.11,0.03
3517,0.18,0.32,0.47,0.1,0.02
3518,0.18,0.32,0.47,0.1,0.02
3519,0.19,0.32,0.47,0.1,0.02
3520,0.19,0.32,0.5,0.1,0.02
3521,0.18,0.32,0.52,0.11,0.03
3522,0.19,0.32,0.52,0.11,0.03
3523,0.19,0.32,0.51,0.11,0.02
3524,0.19,0.32,0.51,0.11,0.03
3525,0.18,0.32,0.51,0.11,0.03
3526,0.19,0.32,0.51,0.12,0.03
3527,0.18,0.32,0.51,0.18,0.04
3528,0.18,0.32,0.5,0.13,0.03
3529,0.18,0.32,0.5,0.13,0.02
3530,0.18,0.32,0.5,0.13,0.03
3531,0.19,0.32,0.5,0.13,0.03
3532,0.19,0.32,0.5,0.13,0.03
3533,0.18,0.32,0.5,0.13,0.02
3534,0.18,0.32,0.5,0.13,0.02
3535,0.18,0.32,0.5,0.13,0.02
3536,0.18,0.32,0.5,0.13,0.03
3537,0.18,0.33,0.5,0.13,0.03
3538,0.24,0.35,0.5,0.16,0.04
3539,0.18,0.33,0.5,0.13,0.02
3540,0.18,0.33,0.5,0.14,0.03
3541,0.18,0.33,0.49,0.14,0.03
3542,0.18,0.33,0.49,0.15,0.02
3543,0.18,0.33,0.49,0.14,0.03
3544,0.18,0.33,0.49,0.14,0.03
3545,0.18,0.33,0.49,0.13,0.03
3546,0.18,0.33,0.49,0.13,0.02
3547,0.18,0.33,0.49,0.13,0.02
3548,0.18,0.33,0.49,0.13,0.03
3549,0.18,0.33,0.49,0.13,0.03
3550,0.18,0.33,0.49,0.12,0.02
3551,0.18,0.33,0.48,0.12,0.03
3552,0.18,0.33,0.49,0.12,0.03
3553,0.18,0.33,0.49,0.12,0.03
3554,0.18,0.33,0.48,0.12,0.02
3555,0.18,0.33,0.48,0.12,0.02
3556,0.18,0.33,0.48,0.12,0.03
3557,0.18,0.33,0.48,0.12,0.03
3558,0.18,0.33,0.48,0.12,0.03
3559,0.19,0.33,0.5,0.16,0.04
3560,0.19,0.33,0.48,0.12,0.03
3561,0.19,0.33,0.48,0.12,0.02
3562,0.19,0.33,0.48,0.12,0.03
3563,0.19,0.33,0.48,0.12,0.02
3564,0.19,0.33,0.48,0.12,0.03
3565,0.18,0.33,0.48,0.12,0.03
3566,0.18,0.33,0.48,0.12,0.02
3567,0.19,0.33,0.48,0.12,0.03
3568,0.18,0.33,0.48,0.12,0.02
3569,0.18,0.34,0.48,0.11,0.02
3570,0.18,0.33,0.48,0.11,0.02
3571,0.18,0.33,0.48,0.11,0.02
3572,0.19,0.33,0.48,0.12,0.02
3573,0.18,0.33,0.47,0.12,0.02
3574,0.18,0.33,0.48,0.12,0.03
3575,0.18,0.33,0.48,0.12,0.03
3576,0.18,0.33,0.48,0.12,0.03
3577,0.18,0.33,0.48,0.12,0.03
3578,0.18,0.33,0.48,0.12,0.02
3579,0.18,0.33,0.48,0.12,0.03
3580,0.18,0.37,0.49,0.15,0.04
3581,0.18,0.33,0.48,0.12,0.02
3582,0.18,0.33,0.48,0.12,0.02
3583,0.18,0.33,0.47,0.12,0.03
3584,0.18,0.33,0.48,0.12,0.02
3585,0.18,0.33,0.47,0.12,0.02
3586,0.18,0.33,0.48,0.12,0.02
3587,0.18,0.33,0.48,0.12,0.02
3588,0.17,0.33,0.48,0.12,0.02
3589,0.18,0.34,0.48,0.12,0.02
3590,0.17,0.34,0.48,0.12,0.03
3591,0.17,0.34,0.48,0.12,0.02
3592,0.17,0.33,0.48,0.12,0.02
3593,0.17,0.33,0.48,0.12,0.02
3594,0.18,0.34,0.47,0.12,0.03
3595,0.17,0.34,0.47,0.12,0.02
3596,0.17,0.34,0.47,0.12,0.03
3597,0.17,0.33,0.47,0.12,0.03
3598,0.17,0.34,0.47,0.12,0.03
3599,0.17,0.34,0.47,0.12,0.03
3600,0.17,0.33,0.47,0.12,0.02
3601,0.21,0.34,0.47,0.13,0.04
3602,0.18,0.33,0.46,0.12,0.02
3603,0.18,0.34,0.46,0.12,0.02
3604,0.18,0.34,0.47,0.12,0.02
3605,0.18,0.34,0.47,0.12,0.02
3606,0.17,0.34,0.47,0.12,0.03
3607,0.17,0.34,0.47,0.12,0.03
3608,0.18,0.34,0.47,0.12,0.03
3609,0.18,0.34,0.47,0.12,0.03
3610,0.18,0.34,0.47,0.12,0.03
3611,0.17,0.38,0.48,0.15,0.04
3612,0.18,0.35,0.47,0.12,0.03
3613,0.18,0.34,0.47,0.12,0.03
3614,0.18,0.34,0.47,0.13,0.03
3615,0.18,0.34,0.47,0.13,0.03
3616,0.18,0.34,0.47,0.13,0.03
3617,0.18,0.34,0.47,0.13,0.02
3618,0.18,0.34,0.47,0.13,0.03
3619,0.18,0.34,0.47,0.13,0.03
3620,0.18,0.34,0.47,0.13,0.03
3621,0.18,0.34,0.47,0.17,0.04
3622,0.18,0.34,0.47,0.12,0.03
3623,0.18,0.38,0.47,0.12,0.03
3624,0.18,0.39,0.47,0.12,0.02
3625,0.18,0.39,0.47,0.12,0.02
3626,0.18,0.34,0.47,0.12,0.03
3627,0.18,0.34,0.47,0.12,0.03
3628,0.18,0.34,0.47,0.12,0.02
3629,0.18,0.34,0.47,0.12,0.02
3630,0.18,0.34,0.47,0.12,0.03
3631,0.18,0.34,0.47,0.12,0.03
3632,0.18,0.34,0.47,0.12,0.03
3633,0.18,0.34,0.47,0.12,0.03
3634,0.18,0.34,0.47,0.12,0.03
3635,0.18,0.34,0.47,0.12,0.03
3636,0.18,0.34,0.47,0.12,0.03
3637,0.18,0.34,0.47,0.13,0.03
3638,0.18,0.34,0.47,0.12,0.02
3639,0.18,0.34,0.47,0.12,0.03
3640,0.18,0.34,0.47,0.12,0.03
3641,0.18,0.34,0.47,0.12,0.03
3642,0.21,0.35,0.47,0.14,0.04
3643,0.18,0.34,0.47,0.12,0.03
3644,0.18,0.34,0.47,0.12,0.03
3645,0.18,0.34,0.47,0.12,0.03
3646,0.18,0.34,0.47,0.12,0.03
3647,0.18,0.34,0.47,0.12,0.03
3648,0.18,0.34,0.47,0.13,0.03
3649,0.18,0.34,0.47,0.12,0.02
3650,0.18,0.34,0.46,0.12,0.03
3651,0.18,0.34,0.47,0.13,0.03
3652,0.18,0.34,0.49,0.16,0.04
3653,0.18,0.34,0.47,0.12,0.03
3654,0.18,0.34,0.47,0.12,0.03
3655,0.18,0.34,0.47,0.12,0.03
3656,0.18,0.34,0.47,0.12,0.03
3657,0.18,0.34,0.47,0.12,0.03
3658,0.18,0.34,0.47,0.13,0.03
3659,0.18,0.35,0.47,0.13,0.03
3660,0.18,0.34,0.47,0.12,0.03
3661,0.18,0.34,0.47,0.12,0.03
3662,0.18,0.34,0.47,0.12,0.03
3663,0.18,0.34,0.47,0.12,0.03
3664,0.18,0.34,0.47,0.12,0.03
3665,0.18,0.35,0.47,0.12,0.03
3666,0.18,0.35,0.47,0.13,0.03
3667,0.18,0.34,0.47,0.13,0.03
3668,0.18,0.34,0.47,0.13,0.03
3669,0.19,0.34,0.47,0.14,0.03
3670,0.19,0.35,0.47,0.15,0.03
3671,0.19,0.34,0.47,0.14,0.03
3672,0.19,0.35,0.47,0.14,0.03
3673,0.22,0.36,0.48,0.15,0.04
3674,0.19,0.35,0.47,0.13,0.03
3675,0.2,0.35,0.47,0.13,0.03
3676,0.2,0.35,0.48,0.12,0.03
3677,0.2,0.35,0.47,0.12,0.03
3678,0.2,0.35,0.47,0.12,0.03
3679,0.2,0.35,0.47,0.12,0.03
3680,0.19,0.35,0.47,0.12,0.03
3681,0.19,0.35,0.47,0.12,0.03
3682,0.19,0.35,0.47,0.12,0.03
3683,0.24,0.37,0.48,0.14,0.04
3684,0.19,0.35,0.47,0.12,0.03
3685,0.19,0.35,0.47,0.12,0.03
3686,0.19,0.35,0.47,0.12,0.03
3687,0.19,0.35,0.47,0.12,0.03
3688,0.19,0.35,0.47,0.12,0.03
3689,0.19,0.35,0.47,0.12,0.03
3690,0.19,0.35,0.47,0.12,0.03
3691,0.19,0.35,0.47,0.12,0.03
3692,0.19,0.35,0.47,0.12,0.03
3693,0.19,0.35,0.49,0.16,0.04
3694,0.19,0.35,0.47,0.12,0.03
3695,0.19,0.35,0.47,0.12,0.03
3696,0.19,0.35,0.47,0.12,0.03
3697,0.19,0.35,0.47,0.12,0.03
3698,0.19,0.35,0.47,0.12,0.03
3699,0.19,0.35,0.47,0.12,0.03
3700,0.19,0.35,0.47,0.12,0.03
3701,0.19,0.36,0.47,0.12,0.03
3702,0.19,0.36,0.47,0.12,0.03
3703,0.19,0.36,0.47,0.12,0.03
3704,0.19,0.36,0.47,0.13,0.03
3705,0.19,0.36,0.47,0.13,0.03
3706,0.19,0.36,0.47,0.13,0.03
3707,0.19,0.36,0.47,0.13,0.03
3708,0.19,0.36,0.47,0.13,0.03
3709,0.18,0.36,0.47,0.12,0.03
3710,0.19,0.36,0.47,0.12,0.03
3711,0.18,0.36,0.47,0.13,0.03
3712,0.18,0.36,0.47,0.13,0.03
3713,0.18,0.36,0.47,0.13,0.03
3714,0.22,0.38,0.47,0.14,0.04
3715,0.18,0.37,0.47,0.13,0.03
3716,0.18,0.36,0.47,0.13,0.03
3717,0.18,0.37,0.47,0.12,0.03
3718,0.18,0.37,0.47,0.13,0.03
3719,0.18,0.36,0.47,0.13,0.03
3720,0.18,0.36,0.47,0.12,0.03
3721,0.18,0.37,0.47,0.12,0.03
3722,0.18,0.37,0.47,0.12,0.03
3723,0.18,0.36,0.47,0.12,0.03
3724,0.18,0.4,0.48,0.16,0.04
3725,0.18,0.36,0.47,0.13,0.03
3726,0.18,0.36,0.47,0.13,0.03
3727,0.18,0.37,0.47,0.12,0.03
3728,0.18,0.36,0.47,0.13,0.03
3729,0.18,0.36,0.47,0.12,0.03
3730,0.18,0.36,0.47,0.12,0.03
3731,0.18,0.36,0.47,0.12,0.03
3732,0.18,0.37,0.47,0.13,0.03
3733,0.18,0.37,0.47,0.12,0.03
3734,0.18,0.37,0.47,0.18,0.04
3735,0.18,0.37,0.47,0.12,0.03
3736,0.18,0.37,0.47,0.12,0.03
3737,0.18,0.37,0.47,0.12,0.03
3738,0.18,0.37,0.47,0.12,0.03
3739,0.18,0.37,0.47,0.12,0.03
3740,0.18,0.37,0.47,0.12,0.03
3741,0.18,0.37,0.47,0.12,0.03
3742,0.18,0.37,0.46,0.13,0.03
3743,0.18,0.37,0.47,0.13,0.03
3744,0.18,0.37,0.46,0.15,0.03
3745,0.18,0.37,0.47,0.15,0.03
3746,0.18,0.37,0.47,0.14,0.03
3747,0.18,0.37,0.46,0.14,0.03
3748,0.18,0.37,0.47,0.13,0.03
3749,0.18,0.37,0.47,0.13,0.03
3750,0.18,0.37,0.47,0.13,0.03
3751,0.18,0.37,0.47,0.12,0.03
3752,0.18,0.38,0.47,0.12,0.03
3753,0.18,0.38,0.47,0.12,0.03
3754,0.18,0.38,0.47,0.13,0.03
3755,0.22,0.39,0.48,0.14,0.04
3756,0.19,0.38,0.47,0.12,0.03
3757,0.18,0.38,0.47,0.12,0.03
3758,0.18,0.38,0.47,0.12,0.03
3759,0.18,0.38,0.47,0.12,0.03
3760,0.18,0.38,0.47,0.12,0.03
3761,0.18,0.38,0.47,0.13,0.03
3762,0.18,0.39,0.47,0.13,0.03
3763,0.18,0.39,0.47,0.13,0.03
3764,0.18,0.39,0.47,0.12,0.03
3765,0.18,0.39,0.48,0.17,0.04
3766,0.18,0.39,0.47,0.13,0.03
3767,0.18,0.39,0.47,0.12,0.03
3768,0.19,0.39,0.47,0.13,0.04
3769,0.19,0.39,0.48,0.14,0.04
3770,0.19,0.39,0.48,0.14,0.04
3771,0.19,0.39,0.48,0.13,0.04
3772,0.19,0.39,0.48,0.14,0.04
3773,0.19,0.39,0.47,0.14,0.04
3774,0.2,0.39,0.47,0.14,0.04
3775,0.2,0.39,0.47,0.14,0.04
3776,0.19,0.39,0.47,0.13,0.03
3777,0.19,0.39,0.46,0.13,0.03
3778,0.19,0.39,0.46,0.13,0.03
3779,0.19,0.39,0.46,0.13,0.03
3780,0.19,0.39,0.46,0.13,0.03
3781,0.19,0.39,0.46,0.13,0.03
3782,0.19,0.39,0.46,0.13,0.03
3783,0.19,0.39,0.47,0.13,0.03
3784,0.19,0.39,0.47,0.14,0.03
3785,0.19,0.39,0.47,0.15,0.03
3786,0.22,0.41,0.47,0.17,0.05
3787,0.19,0.4,0.47,0.14,0.04
3788,0.19,0.4,0.46,0.14,0.03
3789,0.19,0.39,0.46,0.14,0.03
3790,0.19,0.4,0.46,0.13,0.04
3791,0.19,0.4,0.46,0.13,0.03
3792,0.19,0.4,0.46,0.13,0.03
3793,0.19,0.4,0.46,0.13,0.03
3794,0.19,0.4,0.47,0.13,0.04
3795,0.19,0.39,0.47,0.13,0.03
3796,0.24,0.41,0.47,0.16,0.05
3797,0.19,0.39,0.46,0.13,0.03
3798,0.19,0.39,0.47,0.13,0.03
3799,0.19,0.39,0.47,0.13,0.03
3800,0.19,0.39,0.47,0.13,0.03
3801,0.19,0.39,0.47,0.13,0.03
3802,0.19,0.39,0.47,0.13,0.03
3803,0.19,0.39,0.47,0.13,0.03
3804,0.19,0.39,0.47,0.13,0.03
3805,0.19,0.39,0.47,0.13,0.03
3806,0.19,0.39,0.49,0.18,0.05
3807,0.19,0.39,0.47,0.13,0.03
3808,0.19,0.39,0.47,0.13,0.03
3809,0.19,0.39,0.47,0.13,0.03
3810,0.19,0.39,0.47,0.13,0.03
3811,0.19,0.39,0.47,0.13,0.03
3812,0.19,0.39,0.47,0.13,0.03
3813,0.19,0.39,0.47,0.13,0.03
3814,0.19,0.39,0.47,0.13,0.03
3815,0.19,0.39,0.47,0.13,0.03
3816,0.19,0.39,0.47,0.13,0.03
3817,0.18,0.39,0.46,0.13,0.03
3818,0.18,0.39,0.47,0.12,0.03
3819,0.18,0.39,0.47,0.13,0.03
3820,0.18,0.39,0.47,0.12,0.03
3821,0.19,0.39,0.46,0.12,0.03
3822,0.19,0.39,0.46,0.13,0.03
3823,0.19,0.39,0.47,0.13,0.03
3824,0.19,0.39,0.46,0.13,0.03
3825,0.19,0.39,0.46,0.14,0.03
3826,0.19,0.39,0.46,0.14,0.03
3827,0.23,0.4,0.47,0.16,0.04
3828,0.19,0.39,0.46,0.14,0.03
3829,0.19,0.39,0.46,0.13,0.03
3830,0.19,0.39,0.46,0.13,0.03
3831,0.19,0.39,0.46,0.13,0.03
3832,0.19,0.39,0.46,0.13,0.03
3833,0.19,0.39,0.47,0.13,0.03
3834,0.19,0.39,0.47,0.13,0.03
3835,0.19,0.39,0.47,0.13,0.03
3836,0.19,0.39,0.47,0.13,0.03
3837,0.19,0.43,0.48,0.16,0.04
3838,0.19,0.39,0.47,0.13,0.03
3839,0.19,0.39,0.47,0.13,0.03
3840,0.19,0.39,0.47,0.13,0.03
3841,0.19,0.39,0.47,0.13,0.03
3842,0.19,0.39,0.47,0.13,0.03
3843,0.19,0.39,0.47,0.13,0.03
3844,0.19,0.39,0.46,0.13,0.03
3845,0.19,0.39,0.46,0.13,0.03
3846,0.19,0.39,0.46,0.13,0.03
3847,0.19,0.39,0.46,0.13,0.04
3848,0.19,0.39,0.46,0.13,0.03
3849,0.19,0.39,0.46,0.13,0.03
3850,0.19,0.39,0.46,0.13,0.03
3851,0.19,0.39,0.46,0.13,0.03
3852,0.19,0.39,0.46,0.13,0.03
3853,0.19,0.39,0.46,0.13,0.03
3854,0.19,0.4,0.46,0.13,0.03
3855,0.19,0.4,0.46,0.13,0.03
3856,0.19,0.4,0.46,0.13,0.03
3857,0.19,0.4,0.46,0.13,0.03
3858,0.19,0.4,0.46,0.13,0.03
3859,0.19,0.4,0.46,0.12,0.03
3860,0.19,0.4,0.46,0.13,0.03
3861,0.19,0.4,0.46,0.13,0.03
3862,0.19,0.39,0.46,0.13,0.03
3863,0.19,0.4,0.46,0.13,0.03
3864,0.19,0.39,0.46,0.13,0.03
3865,0.19,0.39,0.46,0.13,0.03
3866,0.19,0.4,0.46,0.13,0.03
3867,0.19,0.4,0.46,0.13,0.03
3868,0.23,0.41,0.46,0.15,0.04
3869,0.19,0.39,0.46,0.13,0.03
3870,0.19,0.4,0.46,0.13,0.03
3871,0.19,0.4,0.46,0.13,0.03
3872,0.19,0.4,0.46,0.12,0.03
3873,0.19,0.4,0.46,0.13,0.03
3874,0.19,0.4,0.46,0.13,0.03
3875,0.19,0.4,0.46,0.13,0.03
3876,0.19,0.4,0.46,0.13,0.03
3877,0.19,0.4,0.46,0.13,0.03
3878,0.19,0.43,0.47,0.16,0.04
3879,0.19,0.4,0.46,0.13,0.03
3880,0.19,0.4,0.46,0.13,0.03
3881,0.19,0.4,0.46,0.13,0.03
3882,0.19,0.4,0.46,0.13,0.03
3883,0.19,0.4,0.46,0.13,0.03
3884,0.19,0.4,0.46,0.13,0.03
3885,0.19,0.4,0.46,0.13,0.03
3886,0.19,0.4,0.46,0.13,0.03
3887,0.19,0.4,0.46,0.13,0.03
3888,0.19,0.4,0.46,0.13,0.03
3889,0.19,0.4,0.46,0.13,0.03
3890,0.19,0.4,0.45,0.13,0.03
3891,0.19,0.4,0.45,0.13,0.03
3892,0.19,0.4,0.46,0.13,0.03
3893,0.19,0.4,0.46,0.13,0.03
3894,0.19,0.4,0.46,0.13,0.03
3895,0.19,0.4,0.46,0.13,0.03
3896,0.19,0.4,0.46,0.13,0.03
3897,0.19,0.4,0.46,0.13,0.03
3898,0.19,0.4,0.46,0.13,0.03
3899,0.22,0.41,0.46,0.15,0.04
3900,0.19,0.4,0.45,0.13,0.03
3901,0.19,0.4,0.46,0.13,0.03
3902,0.19,0.4,0.46,0.12,0.03
3903,0.19,0.4,0.46,0.12,0.03
3904,0.19,0.4,0.46,0.13,0.03
3905,0.19,0.4,0.46,0.13,0.03
3906,0.19,0.4,0.46,0.13,0.03
3907,0.19,0.4,0.45,0.13,0.03
3908,0.19,0.4,0.45,0.13,0.03
3909,0.25,0.42,0.46,0.16,0.04
3910,0.19,0.4,0.45,0.13,0.03
3911,0.19,0.4,0.45,0.15,0.03
3912,0.19,0.4,0.45,0.15,0.03
3913,0.19,0.4,0.45,0.14,0.03
3914,0.19,0.4,0.45,0.14,0.03
3915,0.19,0.4,0.46,0.14,0.03
3916,0.19,0.4,0.46,0.13,0.03
3917,0.19,0.4,0.46,0.13,0.03
3918,0.19,0.4,0.46,0.13,0.03
3919,0.19,0.4,0.46,0.19,0.04
3920,0.19,0.4,0.46,0.13,0.03
3921,0.19,0.4,0.46,0.13,0.03
3922,0.19,0.4,0.46,0.13,0.03
3923,0.19,0.4,0.45,0.13,0.03
3924,0.19,0.4,0.45,0.13,0.03
3925,0.19,0.4,0.45,0.13,0.03
3926,0.19,0.4,0.45,0.13,0.03
3927,0.19,0.4,0.45,0.13,0.03
3928,0.19,0.4,0.45,0.12,0.03
3929,0.19,0.4,0.45,0.13,0.03
3930,0.19,0.4,0.46,0.13,0.03
3931,0.19,0.4,0.46,0.13,0.03
3932,0.19,0.4,0.46,0.13,0.03
3933,0.19,0.4,0.46,0.13,0.03
3934,0.19,0.4,0.46,0.13,0.03
3935,0.2,0.4,0.46,0.13,0.03
3936,0.2,0.4,0.46,0.13,0.03
3937,0.19,0.4,0.46,0.13,0.03
3938,0.19,0.4,0.46,0.13,0.03
3939,0.19,0.4,0.46,0.13,0.03
3940,0.22,0.41,0.47,0.14,0.04
3941,0.19,0.4,0.46,0.13,0.03
3942,0.19,0.4,0.46,0.13,0.03
3943,0.19,0.4,0.46,0.13,0.03
3944,0.19,0.4,0.45,0.13,0.03
3945,0.19,0.4,0.45,0.13,0.03
3946,0.19,0.4,0.46,0.13,0.03
3947,0.19,0.4,0.46,0.13,0.03
3948,0.19,0.4,0.46,0.13,0.03
3949,0.19,0.4,0.46,0.13,0.03
3950,0.19,0.4,0.47,0.18,0.04
3951,0.19,0.4,0.46,0.14,0.03
3952,0.19,0.4,0.46,0.13,0.03
3953,0.19,0.4,0.46,0.13,0.03
3954,0.19,0.4,0.46,0.13,0.03
3955,0.19,0.4,0.47,0.13,0.03
3956,0.19,0.4,0.47,0.13,0.03
3957,0.19,0.4,0.47,0.13,0.03
3958,0.19,0.4,0.47,0.13,0.03
3959,0.19,0.4,0.47,0.13,0.03
3960,0.19,0.4,0.47,0.13,0.04
3961,0.2,0.4,0.47,0.13,0.03
3962,0.19,0.4,0.47,0.13,0.03
3963,0.19,0.4,0.47,0.13,0.03
3964,0.19,0.4,0.46,0.13,0.03
3965,0.19,0.4,0.46,0.13,0.03
3966,0.19,0.4,0.46,0.13,0.03
3967,0.19,0.4,0.46,0.13,0.03
3968,0.19,0.4,0.46,0.13,0.03
3969,0.19,0.4,0.46,0.13,0.03
3970,0.19,0.4,0.46,0.13,0.03
3971,0.19,0.4,0.46,0.13,0.03
3972,0.19,0.4,0.46,0.13,0.03
3973,0.19,0.4,0.46,0.13,0.03
3974,0.19,0.41,0.46,0.13,0.03
3975,0.19,0.4,0.46,0.14,0.03
3976,0.19,0.4,0.46,0.13,0.03
3977,0.19,0.4,0.46,0.13,0.03
3978,0.19,0.4,0.46,0.13,0.03
3979,0.19,0.4,0.46,0.13,0.03
3980,0.19,0.4,0.46,0.13,0.03
3981,0.23,0.42,0.47,0.16,0.04
3982,0.19,0.4,0.46,0.14,0.03
3983,0.19,0.4,0.46,0.13,0.03
3984,0.19,0.4,0.46,0.13,0.03
3985,0.19,0.4,0.47,0.13,0.03
3986,0.19,0.4,0.47,0.13,0.03
3987,0.19,0.4,0.47,0.13,0.03
3988,0.19,0.4,0.47,0.13,0.03
3989,0.19,0.4,0.47,0.13,0.03
3990,0.19,0.4,0.51,0.13,0.03
3991,0.19,0.44,0.52,0.16,0.04
3992,0.19,0.4,0.51,0.13,0.03
3993,0.19,0.41,0.5,0.13,0.03
3994,0.19,0.41,0.51,0.13,0.03
3995,0.19,0.41,0.51,0.13,0.03
3996,0.19,0.41,0.5,0.13,0.03
3997,0.19,0.41,0.5,0.13,0.03
3998,0.19,0.41,0.5,0.13,0.03
3999,0.19,0.41,0.5,0.15,0.03
4000,0.19,0.41,0.5,0.14,0.03
4001,0.19,0.41,0.5,0.14,0.04
4002,0.19,0.41,0.5,0.14,0.03
4003,0.19,0.41,0.5,0.14,0.03
4004,0.19,0.41,0.5,0.13,0.03
4005,0.19,0.41,0.5,0.13,0.03
4006,0.19,0.41,0.5,0.13,0.03
4007,0.19,0.41,0.5,0.13,0.03
4008,0.19,0.41,0.5,0.14,0.03
4009,0.19,0.41,0.49,0.14,0.03
4010,0.19,0.41,0.49,0.14,0.03
4011,0.19,0.41,0.49,0.13,0.03
4012,0.22,0.41,0.49,0.15,0.04
4013,0.19,0.41,0.49,0.13,0.03
4014,0.19,0.41,0.49,0.13,0.03
4015,0.19,0.41,0.49,0.13,0.03
4016,0.19,0.41,0.49,0.13,0.03
4017,0.19,0.41,0.49,0.13,0.03
4018,0.19,0.41,0.49,0.13,0.03
4019,0.19,0.4,0.49,0.13,0.03
4020,0.19,0.41,0.49,0.13,0.03
4021,0.19,0.41,0.49,0.13,0.03
4022,0.19,0.44,0.5,0.16,0.04
4023,0.19,0.4,0.49,0.13,0.03
4024,0.19,0.41,0.49,0.13,0.03
4025,0.19,0.41,0.49,0.13,0.03
4026,0.19,0.41,0.49,0.13,0.03
4027,0.19,0.41,0.49,0.13,0.03
4028,0.19,0.41,0.49,0.13,0.03
4029,0.19,0.41,0.49,0.13,0.03
4030,0.19,0.41,0.49,0.13,0.03
4031,0.19,0.41,0.49,0.13,0.03
4032,0.19,0.42,0.49,0.18,0.04
4033,0.19,0.42,0.48,0.13,0.03
4034,0.19,0.41,0.49,0.13,0.03
4035,0.19,0.41,0.49,0.13,0.03
4036,0.19,0.41,0.49,0.13,0.03
4037,0.19,0.41,0.49,0.13,0.03
4038,0.19,0.41,0.49,0.13,0.03
4039,0.19,0.41,0.49,0.13,0.03
4040,0.19,0.41,0.49,0.13,0.03
4041,0.19,0.41,0.49,0.13,0.03
4042,0.19,0.41,0.5,0.13,0.03
4043,0.19,0.41,0.5,0.13,0.03
4044,0.19,0.41,0.5,0.13,0.03
4045,0.19,0.41,0.5,0.13,0.03
4046,0.19,0.41,0.5,0.13,0.03
4047,0.19,0.41,0.5,0.13,0.03
4048,0.19,0.41,0.5,0.13,0.03
4049,0.18,0.41,0.5,0.14,0.03
4050,0.19,0.41,0.5,0.14,0.03
4051,0.18,0.41,0.5,0.14,0.03
4052,0.18,0.41,0.5,0.15,0.03
4053,0.22,0.42,0.5,0.16,0.04
4054,0.18,0.41,0.5,0.14,0.03
4055,0.18,0.41,0.5,0.14,0.03
4056,0.18,0.41,0.51,0.14,0.03
4057,0.18,0.41,0.51,0.13,0.03
4058,0.18,0.41,0.51,0.13,0.03
4059,0.18,0.41,0.51,0.13,0.03
4060,0.18,0.41,0.53,0.13,0.03
4061,0.18,0.41,0.51,0.13,0.03
4062,0.18,0.41,0.51,0.13,0.03
4063,0.18,0.44,0.52,0.17,0.04
4064,0.18,0.41,0.51,0.13,0.03
4065,0.18,0.41,0.51,0.13,0.03
4066,0.18,0.41,0.52,0.13,0.03
4067,0.18,0.41,0.52,0.13,0.03
4068,0.18,0.41,0.52,0.13,0.03
4069,0.18,0.41,0.52,0.13,0.03
4070,0.18,0.41,0.52,0.13,0.03
4071,0.18,0.41,0.52,0.13,0.03
4072,0.18,0.41,0.52,0.13,0.03
4073,0.18,0.41,0.52,0.13,0.03
4074,0.18,0.41,0.52,0.13,0.03
4075,0.18,0.41,0.52,0.13,0.03
4076,0.18,0.41,0.52,0.13,0.03
4077,0.18,0.41,0.52,0.13,0.03
4078,0.18,0.41,0.52,0.13,0.03
4079,0.18,0.41,0.52,0.13,0.03
4080,0.18,0.41,0.52,0.13,0.03
4081,0.18,0.41,0.52,0.13,0.03
4082,0.18,0.41,0.52,0.13,0.03
4083,0.19,0.41,0.52,0.13,0.03
4084,0.22,0.42,0.52,0.15,0.04
4085,0.19,0.41,0.52,0.13,0.03
4086,0.19,0.41,0.52,0.14,0.03
4087,0.19,0.41,0.52,0.15,0.03
4088,0.19,0.41,0.52,0.15,0.03
4089,0.19,0.41,0.52,0.15,0.03
4090,0.19,0.41,0.52,0.14,0.03
4091,0.19,0.41,0.53,0.14,0.03
4092,0.19,0.41,0.54,0.14,0.03
4093,0.19,0.41,0.54,0.14,0.03
4094,0.24,0.42,0.54,0.16,0.05
4095,0.19,0.41,0.54,0.13,0.04
4096,0.19,0.41,0.54,0.13,0.03
4097,0.19,0.41,0.55,0.14,0.03
4098,0.19,0.41,0.55,0.14,0.03
4099,0.19,0.41,0.55,0.14,0.03
4100,0.19,0.41,0.55,0.13,0.03
4101,0.19,0.41,0.55,0.13,0.03
4102,0.19,0.41,0.55,0.14,0.03
4103,0.19,0.41,0.55,0.14,0.03
4104,0.19,0.41,0.56,0.18,0.05
4105,0.19,0.41,0.55,0.14,0.03
4106,0.19,0.41,0.54,0.14,0.03
4107,0.19,0.41,0.54,0.14,0.03
4108,0.19,0.41,0.54,0.14,0.03
4109,0.19,0.41,0.54,0.14,0.03
4110,0.19,0.41,0.54,0.14,0.03
4111,0.19,0.41,0.54,0.14,0.03
4112,0.19,0.41,0.54,0.14,0.03
4113,0.19,0.41,0.54,0.14,0.03
4114,0.19,0.41,0.54,0.14,0.05
4115,0.19,0.41,0.54,0.14,0.03
4116,0.19,0.41,0.54,0.14,0.03
4117,0.19,0.41,0.54,0.14,0.03
4118,0.19,0.41,0.54,0.14,0.03
4119,0.19,0.41,0.54,0.14,0.03
4120,0.19,0.41,0.54,0.13,0.03
4121,0.19,0.41,0.54,0.13,0.03
4122,0.19,0.41,0.54,0.14,0.03
4123,0.19,0.41,0.54,0.14,0.03
4124,0.19,0.41,0.54,0.14,0.03
4125,0.22,0.42,0.54,0.17,0.05
4126,0.19,0.41,0.54,0.15,0.03
4127,0.19,0.41,0.54,0.15,0.03
4128,0.19,0.41,0.54,0.15,0.03
4129,0.19,0.41,0.54,0.14,0.04
4130,0.19,0.42,0.54,0.14,0.03
4131,0.19,0.42,0.53,0.14,0.03
4132,0.19,0.42,0.53,0.14,0.03
4133,0.19,0.41,0.53,0.14,0.03
4134,0.19,0.41,0.53,0.14,0.03
4135,0.19,0.44,0.53,0.17,0.05
4136,0.19,0.41,0.53,0.14,0.03
4137,0.19,0.41,0.52,0.13,0.03
4138,0.18,0.42,0.51,0.13,0.03
4139,0.18,0.42,0.52,0.13,0.03
4140,0.18,0.41,0.52,0.13,0.03
4141,0.18,0.41,0.52,0.13,0.03
4142,0.18,0.42,0.52,0.13,0.03
4143,0.18,0.41,0.52,0.13,0.03
4144,0.18,0.41,0.51,0.13,0.03
4145,0.18,0.41,0.52,0.19,0.04
4146,0.18,0.41,0.51,0.13,0.03
4147,0.18,0.41,0.51,0.13,0.03
4148,0.18,0.41,0.51,0.13,0.03
4149,0.18,0.42,0.5,0.13,0.03
4150,0.18,0.41,0.5,0.13,0.03
4151,0.18,0.41,0.51,0.13,0.03
4152,0.18,0.42,0.51,0.13,0.03
4153,0.18,0.41,0.51,0.13,0.03
4154,0.18,0.42,0.5,0.13,0.03
4155,0.18,0.41,0.51,0.14,0.03
4156,0.18,0.41,0.5,0.16,0.03
4157,0.18,0.41,0.5,0.15,0.03
4158,0.18,0.41,0.51,0.15,0.03
4159,0.18,0.41,0.5,0.15,0.03
4160,0.18,0.43,0.5,0.14,0.03
4161,0.18,0.42,0.5,0.14,0.03
4162,0.18,0.41,0.5,0.13,0.03
4163,0.18,0.41,0.5,0.13,0.03
4164,0.18,0.41,0.5,0.13,0.03
4165,0.18,0.41,0.5,0.13,0.03
4166,0.22,0.42,0.5,0.15,0.04
4167,0.18,0.41,0.5,0.13,0.03
4168,0.18,0.41,0.5,0.13,0.03
4169,0.18,0.41,0.5,0.13,0.03
4170,0.18,0.41,0.5,0.13,0.03
4171,0.18,0.41,0.5,0.14,0.03
4172,0.18,0.41,0.5,0.13,0.03
4173,0.18,0.41,0.5,0.13,0.03
4174,0.18,0.41,0.5,0.13,0.03
4175,0.18,0.41,0.5,0.13,0.03
4176,0.19,0.44,0.51,0.16,0.04
4177,0.19,0.41,0.5,0.13,0.03
4178,0.19,0.41,0.5,0.13,0.03
4179,0.18,0.41,0.5,0.14,0.03
4180,0.18,0.42,0.5,0.13,0.03
4181,0.18,0.41,0.5,0.13,0.03
4182,0.18,0.41,0.5,0.13,0.03
4183,0.18,0.41,0.5,0.14,0.03
4184,0.18,0.41,0.5,0.14,0.03
4185,0.18,0.41,0.5,0.15,0.03
4186,0.18,0.41,0.5,0.15,0.04
4187,0.18,0.41,0.5,0.15,0.03
4188,0.18,0.41,0.5,0.14,0.03
4189,0.18,0.41,0.5,0.14,0.03
4190,0.18,0.41,0.5,0.14,0.03
4191,0.18,0.41,0.5,0.14,0.03
4192,0.18,0.41,0.5,0.14,0.03
4193,0.18,0.41,0.5,0.13,0.03
4194,0.18,0.41,0.5,0.13,0.03
4195,0.18,0.41,0.51,0.13,0.03
4196,0.18,0.41,0.51,0.13,0.03
4197,0.21,0.42,0.51,0.15,0.05
4198,0.18,0.41,0.51,0.13,0.03
4199,0.18,0.41,0.51,0.13,0.03
4200,0.18,0.41,0.51,0.13,0.03
4201,0.18,0.41,0.51,0.13,0.03
4202,0.18,0.41,0.51,0.13,0.03
4203,0.18,0.41,0.51,0.13,0.03
4204,0.18,0.41,0.52,0.13,0.03
4205,0.18,0.41,0.52,0.13,0.03
4206,0.18,0.41,0.52,0.13,0.03
4207,0.24,0.42,0.52,0.16,0.05
4208,0.19,0.41,0.52,0.13,0.03
4209,0.18,0.41,0.52,0.13,0.03
4210,0.19,0.41,0.52,0.13,0.03
4211,0.19,0.41,0.52,0.13,0.03
4212,0.19,0.41,0.51,0.13,0.03
4213,0.19,0.41,0.51,0.13,0.03
4214,0.19,0.41,0.51,0.13,0.03
4215,0.19,0.41,0.51,0.13,0.03
4216,0.19,0.41,0.51,0.13,0.03
4217,0.19,0.41,0.53,0.17,0.04
4218,0.19,0.4,0.51,0.13,0.03
4219,0.19,0.41,0.51,0.13,0.03
4220,0.19,0.4,0.51,0.14,0.03
4221,0.19,0.4,0.51,0.15,0.03
4222,0.19,0.4,0.51,0.15,0.03
4223,0.19,0.41,0.51,0.15,0.03
4224,0.19,0.41,0.51,0.14,0.03
4225,0.19,0.41,0.5,0.13,0.03
4226,0.18,0.41,0.5,0.13,0.03
4227,0.19,0.41,0.5,0.13,0.03
4228,0.2,0.41,0.5,0.13,0.03
4229,0.19,0.41,0.5,0.13,0.03
4230,0.19,0.41,0.51,0.13,0.03
4231,0.19,0.41,0.5,0.13,0.03
4232,0.18,0.41,0.5,0.13,0.03
4233,0.18,0.41,0.5,0.13,0.03
4234,0.18,0.41,0.5,0.13,0.03
4235,0.18,0.41,0.5,0.13,0.03
4236,0.18,0.41,0.5,0.13,0.03
4237,0.18,0.41,0.49,0.13,0.03
4238,0.21,0.42,0.49,0.15,0.04
4239,0.18,0.41,0.49,0.13,0.03
4240,0.18,0.41,0.49,0.13,0.03
4241,0.18,0.41,0.48,0.13,0.03
4242,0.18,0.41,0.49,0.13,0.03
4243,0.18,0.41,0.48,0.13,0.03
4244,0.18,0.41,0.48,0.13,0.03
4245,0.18,0.41,0.48,0.13,0.03
4246,0.18,0.41,0.48,0.13,0.03
4247,0.18,0.41,0.48,0.13,0.03
4248,0.18,0.44,0.49,0.16,0.05
4249,0.18,0.41,0.48,0.13,0.03
4250,0.18,0.41,0.48,0.13,0.03
4251,0.18,0.41,0.48,0.13,0.03
4252,0.18,0.41,0.48,0.13,0.03
4253,0.18,0.41,0.48,0.13,0.03
4254,0.18,0.41,0.49,0.13,0.03
4255,0.18,0.41,0.48,0.13,0.03
4256,0.18,0.41,0.48,0.14,0.03
4257,0.18,0.41,0.49,0.14,0.03
4258,0.18,0.41,0.48,0.15,0.04
4259,0.18,0.41,0.47,0.15,0.03
4260,0.18,0.41,0.49,0.14,0.03
4261,0.18,0.41,0.5,0.14,0.03
4262,0.18,0.41,0.49,0.13,0.03
4263,0.18,0.41,0.47,0.13,0.03
4264,0.18,0.41,0.48,0.13,0.03
4265,0.18,0.41,0.48,0.13,0.03
4266,0.18,0.41,0.48,0.13,0.03
4267,0.18,0.41,0.48,0.13,0.03
4268,0.18,0.41,0.47,0.13,0.03
4269,0.18,0.42,0.48,0.13,0.03
4270,0.18,0.42,0.48,0.13,0.03
4271,0.18,0.42,0.48,0.13,0.03
4272,0.18,0.42,0.48,0.13,0.03
4273,0.18,0.42,0.48,0.13,0.03
4274,0.18,0.42,0.48,0.13,0.03
4275,0.18,0.42,0.49,0.13,0.03
4276,0.18,0.42,0.49,0.13,0.03
4277,0.18,0.41,0.51,0.13,0.03
4278,0.18,0.42,0.51,0.13,0.03
4279,0.22,0.42,0.5,0.15,0.05
4280,0.18,0.41,0.5,0.13,0.03
4281,0.18,0.41,0.5,0.13,0.03
4282,0.18,0.41,0.5,0.13,0.03
4283,0.18,0.41,0.5,0.13,0.03
4284,0.18,0.41,0.5,0.13,0.03
4285,0.18,0.41,0.5,0.13,0.03
4286,0.18,0.41,0.5,0.14,0.03
4287,0.18,0.41,0.5,0.15,0.03
4288,0.18,0.41,0.5,0.14,0.03
4289,0.18,0.44,0.5,0.17,0.04
4290,0.18,0.41,0.51,0.13,0.03
4291,0.18,0.41,0.5,0.13,0.03
4292,0.18,0.41,0.49,0.13,0.03
4293,0.18,0.41,0.49,0.13,0.03
4294,0.18,0.41,0.5,0.13,0.03
4295,0.18,0.41,0.49,0.13,0.03
4296,0.18,0.41,0.5,0.13,0.03
4297,0.18,0.41,0.5,0.13,0.03
4298,0.18,0.41,0.5,0.13,0.03
4299,0.18,0.41,0.5,0.18,0.04
4300,0.18,0.41,0.5,0.13,0.03
4301,0.18,0.41,0.5,0.13,0.03
4302,0.18,0.41,0.49,0.13,0.03
4303,0.18,0.41,0.49,0.13,0.03
4304,0.18,0.41,0.49,0.13,0.03
4305,0.18,0.4,0.49,0.12,0.03
4306,0.18,0.41,0.49,0.13,0.03
4307,0.18,0.41,0.5,0.13,0.03
4308,0.18,0.41,0.49,0.13,0.03
4309,0.18,0.41,0.49,0.13,0.03
4310,0.21,0.41,0.5,0.14,0.05
4311,0.18,0.41,0.49,0.13,0.03
4312,0.18,0.41,0.49,0.13,0.03
4313,0.18,0.41,0.49,0.13,0.03
4314,0.18,0.4,0.49,0.13,0.03
4315,0.18,0.4,0.49,0.13,0.03
4316,0.18,0.4,0.49,0.13,0.03
4317,0.18,0.4,0.49,0.13,0.03
4318,0.18,0.4,0.49,0.13,0.03
4319,0.18,0.4,0.49,0.13,0.03
4320,0.25,0.42,0.5,0.16,0.04
4321,0.18,0.4,0.49,0.13,0.03
4322,0.18,0.41,0.49,0.13,0.03
4323,0.18,0.4,0.5,0.12,0.03
4324,0.18,0.4,0.5,0.13,0.03
4325,0.18,0.4,0.5,0.13,0.03
4326,0.18,0.4,0.5,0.13,0.03
4327,0.18,0.41,0.5,0.13,0.03
4328,0.18,0.41,0.5,0.13,0.03
4329,0.18,0.41,0.5,0.12,0.03
4330,0.18,0.41,0.5,0.18,0.05
4331,0.18,0.41,0.5,0.13,0.03
4332,0.18,0.41,0.5,0.13,0.03
4333,0.18,0.41,0.5,0.13,0.03
4334,0.18,0.4,0.5,0.12,0.03
4335,0.18,0.4,0.5,0.13,0.03
4336,0.18,0.4,0.5,0.12,0.03
4337,0.18,0.4,0.5,0.12,0.03
4338,0.18,0.4,0.5,0.12,0.03
4339,0.18,0.4,0.5,0.12,0.03
4340,0.18,0.4,0.5,0.12,0.03
4341,0.18,0.4,0.5,0.12,0.03
4342,0.18,0.41,0.5,0.12,0.03
4343,0.18,0.42,0.5,0.12,0.03
4344,0.18,0.42,0.5,0.12,0.03
4345,0.18,0.41,0.5,0.12,0.03
4346,0.18,0.41,0.5,0.13,0.03
4347,0.18,0.4,0.5,0.13,0.03
4348,0.18,0.41,0.5,0.13,0.03
4349,0.18,0.4,0.51,0.12,0.03
4350,0.18,0.4,0.51,0.12,0.03
4351,0.21,0.41,0.51,0.14,0.04
4352,0.18,0.4,0.5,0.12,0.03
4353,0.18,0.39,0.51,0.12,0.03
4354,0.18,0.39,0.51,0.12,0.03
4355,0.18,0.39,0.51,0.13,0.03
4356,0.18,0.39,0.51,0.12,0.03
4357,0.18,0.39,0.51,0.12,0.03
4358,0.18,0.39,0.51,0.12,0.03
4359,0.18,0.39,0.51,0.12,0.03
4360,0.18,0.39,0.51,0.13,0.03
4361,0.25,0.41,0.51,0.15,0.04
4362,0.18,0.39,0.51,0.13,0.03
4363,0.18,0.39,0.51,0.13,0.03
4364,0.18,0.39,0.51,0.12,0.03
4365,0.18,0.39,0.51,0.12,0.03
4366,0.18,0.39,0.51,0.12,0.03
4367,0.18,0.39,0.51,0.13,0.03
4368,0.18,0.39,0.51,0.13,0.03
4369,0.18,0.39,0.51,0.12,0.03
4370,0.18,0.39,0.51,0.12,0.03
4371,0.18,0.39,0.51,0.12,0.04
4372,0.18,0.39,0.51,0.12,0.03
4373,0.18,0.39,0.51,0.12,0.03
4374,0.18,0.39,0.51,0.12,0.03
4375,0.18,0.39,0.51,0.12,0.03
4376,0.18,0.39,0.51,0.12,0.03
4377,0.17,0.39,0.51,0.12,0.03
4378,0.17,0.39,0.51,0.12,0.03
4379,0.18,0.39,0.51,0.12,0.03
4380,0.17,0.39,0.51,0.12,0.03
4381,0.17,0.39,0.51,0.12,0.03
4382,0.17,0.39,0.51,0.12,0.03
4383,0.17,0.39,0.51,0.12,0.03
4384,0.17,0.4,0.51,0.13,0.03
4385,0.17,0.39,0.51,0.12,0.03
4386,0.17,0.39,0.51,0.12,0.03
4387,0.17,0.39,0.51,0.12,0.03
4388,0.17,0.39,0.51,0.12,0.03
4389,0.17,0.39,0.51,0.13,0.03
4390,0.17,0.38,0.51,0.13,0.03
4391,0.17,0.38,0.51,0.12,0.03
4392,0.22,0.4,0.52,0.14,0.05
4393,0.17,0.38,0.51,0.12,0.03
4394,0.17,0.39,0.51,0.13,0.03
4395,0.17,0.38,0.51,0.13,0.03
4396,0.17,0.39,0.52,0.12,0.03
4397,0.17,0.39,0.52,0.12,0.03
4398,0.17,0.39,0.52,0.12,0.03
4399,0.17,0.39,0.52,0.12,0.03
4400,0.17,0.39,0.52,0.12,0.03
4401,0.17,0.39,0.51,0.12,0.03
4402,0.17,0.42,0.53,0.16,0.05
4403,0.17,0.39,0.52,0.12,0.03
4404,0.17,0.39,0.52,0.12,0.03
4405,0.17,0.39,0.52,0.12,0.03
4406,0.17,0.39,0.52,0.12,0.03
4407,0.17,0.39,0.52,0.12,0.03
4408,0.17,0.39,0.52,0.12,0.03
